tanggal_gadai,merk_group,kondisi_stnk,pajak_status,usia_kendaraan_thn,nilai_taksiran,pinjaman_pokok_efektif,LTV,LTV_MAX,pekerjaan_group,is_repeat_borrower,Days Late,NPL_30,NPL_90,kategori_kolektibilitas,NPL_clean
2025-01-02 08:27:11,Yamaha,A/N ORANG LAIN,Pajak Tidak Aktif,8,2915000.0,0.0,0.3533333333,0.3533333333,TIDAK ISI,1,0,0,0,Lunas (Lancar),0
2025-01-02 08:30:50,Honda,A/N ORANG LAIN,Pajak Tidak Aktif,5,2970000.0,0.0,0.36,0.36,TIDAK ISI,0,0,0,0,Lunas (Lancar),0
2025-01-02 08:32:38,Honda,A/N SENDIRI,Pajak Tidak Aktif,10,1980000.0,0.0,0.4,0.4,TIDAK ISI,1,0,0,0,Lunas (Lancar),0
2025-01-02 08:32:52,Honda,A/N SENDIRI,Pajak Tidak Aktif,5,3300000.0,0.0,0.4,0.4,KARYAWAN SWASTA,0,0,0,0,Lunas (Lancar),0
2025-01-02 08:39:30,Yamaha,A/N SENDIRI,Pajak Tidak Aktif,4,3355000.0,0.0,0.3333333333333333,0.4066666666666667,TIDAK ISI,0,0,0,0,Lunas (Lancar),0
2025-01-02 08:46:19,Honda,A/N ORANG LAIN,Pajak Tidak Aktif,9,1980000.0,0.0,0.36,0.36,TIDAK ISI,0,0,0,0,Lunas (Lancar),0
2025-01-02 08:49:38,Honda,A/N SENDIRI,Pajak Tidak Aktif,3,3795000.0,0.0,0.40588235294117647,0.40588235294117647,TIDAK ISI,0,0,0,0,Lunas (Lancar),0
2025-01-02 08:50:46,Honda,A/N SENDIRI,Pajak Tidak Aktif,10,1375000.0,0.0,0.26666666666666666,0.2777777777777778,TIDAK ISI,1,0,0,0,Lunas (Lancar),0
2025-01-02 08:56:43,Yamaha,A/N SENDIRI,Pajak Tidak Aktif,3,4400000.0,0.0,0.4,0.4,WIRASWASTA,1,0,0,0,Lunas (Lancar),0
2025-01-02 08:57:08,Honda,A/N ORANG LAIN,Pajak Tidak Aktif,5,2915000.0,0.0,0.35333333333333333,0.35333333333333333,TIDAK ISI,0,0,0,0,Lunas (Lancar),0
2025-01-02 08:58:14,Honda,A/N ORANG LAIN,Pajak Tidak Aktif,5,3850000.0,0.0,0.2,0.35,TIDAK ISI,0,0,0,0,Lunas (Lancar),0
2025-01-02 09:01:50,Honda,A/N SENDIRI,Pajak Tidak Aktif,7,3355000.0,0.0,0.26666666666666666,0.4066666666666667,TIDAK ISI,0,0,0,0,Lunas (Lancar),0
2025-01-02 09:01:51,Honda,A/N SENDIRI,Pajak Tidak Aktif,10,1375000.0,0.0,0.5,0.5,IBU RUMAH TANGGA,1,0,0,0,Lunas (Lancar),0
2025-01-02 09:03:21,Yamaha,A/N ORANG LAIN,Pajak Tidak Aktif,8,1650000.0,0.0,0.2,0.2,TIDAK ISI,1,0,0,0,Lunas (Lancar),0
2025-01-02 09:09:39,Honda,A/N ORANG LAIN,Pajak Tidak Aktif,9,1815000.0,0.0,0.36666666666666664,0.36666666666666664,TIDAK ISI,1,0,0,0,Lunas (Lancar),0
2025-01-02 09:09:58,Yamaha,A/N SENDIRI,Pajak Tidak Aktif,13,2255000.0,0.0,0.4,0.41,TIDAK ISI,0,0,0,0,Lunas (Lancar),0
2025-01-02 09:10:27,Yamaha,A/N SENDIRI,Pajak Tidak Aktif,13,1100000.0,0.0,0.4,0.4,PNS,0,0,0,0,Lunas (Lancar),0
2025-01-02 09:16:18,Yamaha,A/N ORANG LAIN,Pajak Tidak Aktif,13,990000.0,0.0,0.28,0.36,IBU RUMAH TANGGA,1,0,0,0,Lunas (Lancar),0
2025-01-02 09:17:01,Honda,A/N ORANG LAIN,Pajak Tidak Aktif,8,1650000.0,0.0,0.2,0.2,IBU RUMAH TANGGA,1,0,0,0,Lunas (Lancar),0
2025-01-02 09:17:46,Honda,A/N ORANG LAIN,Pajak Tidak Aktif,11,1155000.0,0.0,0.21,0.21,TIDAK ISI,0,0,0,0,Lunas (Lancar),0
2025-01-02 09:17:57,Honda,A/N ORANG LAIN,Pajak Tidak Aktif,2,2915000.0,0.0,0.2,0.35333333333333333,PNS,1,0,0,0,Lunas (Lancar),0
2025-01-02 09:19:12,Honda,A/N SENDIRI,Pajak Tidak Aktif,13,1100000.0,0.0,0.4,0.4,TIDAK ISI,0,0,0,0,Lunas (Lancar),0
2025-01-02 09:19:53,Honda,A/N ORANG LAIN,Pajak Tidak Aktif,10,990000.0,0.0,0.36,0.36,IBU RUMAH TANGGA,0,0,0,0,Lunas (Lancar),0
2025-01-02 09:21:05,Honda,A/N SENDIRI,Pajak Tidak Aktif,10,2200000.0,0.0,0.4,0.4,TIDAK ISI,1,0,0,0,Lunas (Lancar),0
2025-01-02 09:21:33,Yamaha,A/N ORANG LAIN,Pajak Tidak Aktif,12,1045000.0,0.0,0.38,0.38,TIDAK ISI,0,0,0,0,Lunas (Lancar),0
2025-01-02 09:22:13,Honda,A/N ORANG LAIN,Pajak Tidak Aktif,5,2915000.0,0.0,0.2,0.35333333333333333,TIDAK ISI,1,0,0,0,Lunas (Lancar),0
2025-01-02 09:22:59,Honda,A/N SENDIRI,Pajak Tidak Aktif,7,2200000.0,0.0,0.4,0.4,TIDAK ISI,1,0,0,0,Lunas (Lancar),0
2025-01-02 09:24:33,Yamaha,A/N SENDIRI,Pajak Tidak Aktif,13,1155000.0,0.0,0.42,0.42,TIDAK ISI,0,0,0,0,Lunas (Lancar),0
2025-01-02 09:26:03,Honda,A/N ORANG LAIN,Pajak Tidak Aktif,6,1100000.0,0.0,0.2,0.2,TIDAK ISI,1,0,0,0,Lunas (Lancar),0
2025-01-02 09:26:06,Honda,A/N SENDIRI,Pajak Tidak Aktif,5,4455000.0,0.0,0.235,0.405,TIDAK ISI,1,0,0,0,Lunas (Lancar),0
2025-01-02 09:35:08,Honda,A/N SENDIRI,Pajak Tidak Aktif,4,4455000.0,0.0,0.235,0.405,TIDAK ISI,1,0,0,0,Lunas (Lancar),0
2025-01-02 09:36:45,Honda,A/N ORANG LAIN,Pajak Tidak Aktif,10,1155000.0,0.0,0.18,0.21,IBU RUMAH TANGGA,1,0,0,0,Lunas (Lancar),0
2025-01-02 09:39:32,Honda,A/N ORANG LAIN,Pajak Tidak Aktif,7,2585000.0,2350000.0,0.36153846153846153,0.36153846153846153,TIDAK ISI,0,0,0,0,Tepat Waktu,0
2025-01-02 09:43:53,Honda,A/N SENDIRI,Pajak Tidak Aktif,7,2255000.0,0.0,0.21,0.41,TIDAK ISI,0,0,0,0,Lunas (Lancar),0
2025-01-02 09:44:19,Kawasaki,A/N SENDIRI,Pajak Tidak Aktif,4,3025000.0,0.0,0.275,0.275,TIDAK ISI,1,0,0,0,Lunas (Lancar),0
2025-01-02 09:44:32,Honda,A/N ORANG LAIN,Pajak Tidak Aktif,11,550000.0,0.0,0.2,0.2,TIDAK ISI,1,0,0,0,Lunas (Lancar),0
2025-01-02 09:45:00,Honda,A/N ORANG LAIN,Pajak Tidak Aktif,4,2915000.0,2650000.0,0.35333333333333333,0.35333333333333333,IBU RUMAH TANGGA,0,45,1,0,NPL Transisi 31-90 Hari (DPD 31-90),1
2025-01-02 09:47:29,Honda,A/N ORANG LAIN,Pajak Tidak Aktif,2,2970000.0,0.0,0.36,0.36,TIDAK ISI,0,0,0,0,Lunas (Lancar),0
2025-01-02 09:47:35,Honda,A/N SENDIRI,Pajak Tidak Aktif,7,2035000.0,0.0,0.15384615384615385,0.2846153846153846,TIDAK ISI,0,0,0,0,Lunas (Lancar),0
2025-01-02 09:49:01,Honda,A/N ORANG LAIN,Pajak Tidak Aktif,8,1925000.0,0.0,0.24,0.35,TIDAK ISI,1,0,0,0,Lunas (Lancar),0
2025-01-02 09:49:57,Honda,A/N ORANG LAIN,Pajak Tidak Aktif,8,1980000.0,1800000.0,0.36,0.36,TIDAK ISI,0,14,0,0,Keterlambatan 1-30 Hari (DPD 1-30),0
2025-01-02 09:50:08,Honda,A/N ORANG LAIN,Pajak Tidak Aktif,11,1045000.0,0.0,0.38,0.38,TIDAK ISI,0,0,0,0,Lunas (Lancar),0
2025-01-02 09:51:33,Honda,A/N ORANG LAIN,Pajak Tidak Aktif,7,1925000.0,0.0,0.35,0.35,IBU RUMAH TANGGA,0,0,0,0,Lunas (Lancar),0
2025-01-02 09:52:09,Yamaha,A/N SENDIRI,Pajak Tidak Aktif,11,1100000.0,0.0,0.4,0.4,KARYAWAN SWASTA,1,0,0,0,Lunas (Lancar),0
2025-01-02 09:53:21,Honda,A/N SENDIRI,Pajak Tidak Aktif,8,2200000.0,0.0,0.4,0.4,TIDAK ISI,0,0,0,0,Lunas (Lancar),0
2025-01-02 09:53:45,Honda,A/N SENDIRI,Pajak Tidak Aktif,6,2200000.0,0.0,0.4,0.4,BURUH,1,0,0,0,Lunas (Lancar),0
2025-01-02 09:54:57,Honda,A/N ORANG LAIN,Pajak Tidak Aktif,11,1045000.0,0.0,0.38,0.38,TIDAK ISI,0,0,0,0,Lunas (Lancar),0
2025-01-02 09:55:17,Honda,A/N SENDIRI,Pajak Tidak Aktif,11,825000.0,0.0,0.3,0.3,TIDAK ISI,0,0,0,0,Lunas (Lancar),0
2025-01-02 09:56:09,Honda,A/N ORANG LAIN,Pajak Tidak Aktif,7,1925000.0,0.0,0.35,0.35,TIDAK ISI,1,0,0,0,Lunas (Lancar),0
2025-01-02 09:56:10,Honda,A/N ORANG LAIN,Pajak Tidak Aktif,8,1925000.0,0.0,0.35,0.35,TIDAK ISI,1,0,0,0,Lunas (Lancar),0
2025-01-02 09:56:52,Honda,A/N SENDIRI,Pajak Tidak Aktif,3,2255000.0,0.0,0.2733333333333333,0.2733333333333333,TIDAK ISI,0,0,0,0,Lunas (Lancar),0
2025-01-02 09:56:54,Honda,A/N ORANG LAIN,Pajak Tidak Aktif,6,1980000.0,0.0,0.35,0.36,TIDAK ISI,1,0,0,0,Lunas (Lancar),0
2025-01-02 09:57:20,Honda,A/N ORANG LAIN,Pajak Tidak Aktif,12,550000.0,0.0,0.2,0.2,KARYAWAN SWASTA,0,0,0,0,Lunas (Lancar),0
2025-01-02 09:57:29,Honda,A/N ORANG LAIN,Pajak Tidak Aktif,8,2915000.0,0.0,0.35333333333333333,0.35333333333333333,TIDAK ISI,1,0,0,0,Lunas (Lancar),0
2025-01-02 10:00:47,Honda,A/N ORANG LAIN,Pajak Tidak Aktif,8,1925000.0,0.0,0.26,0.35,TIDAK ISI,1,0,0,0,Lunas (Lancar),0
2025-01-02 10:01:25,Honda,A/N SENDIRI,Pajak Tidak Aktif,11,1100000.0,0.0,0.4,0.4,IBU RUMAH TANGGA,1,0,0,0,Lunas (Lancar),0
2025-01-02 10:01:59,Honda,A/N ORANG LAIN,Pajak Tidak Aktif,10,1045000.0,0.0,0.38,0.38,TIDAK ISI,1,0,0,0,Lunas (Lancar),0
2025-01-02 10:02:38,Honda,A/N ORANG LAIN,Pajak Tidak Aktif,4,3300000.0,0.0,0.35294117647058826,0.35294117647058826,IBU RUMAH TANGGA,0,0,0,0,Lunas (Lancar),0
2025-01-02 10:03:48,Yamaha,A/N SENDIRI,Pajak Tidak Aktif,2,4400000.0,0.0,0.2,0.4,TIDAK ISI,1,0,0,0,Lunas (Lancar),0
2025-01-02 10:05:47,Honda,A/N ORANG LAIN,Pajak Tidak Aktif,7,2530000.0,2300000.0,0.35384615384615387,0.35384615384615387,KARYAWAN SWASTA,0,0,0,0,Tepat Waktu,0
2025-01-02 10:06:17,Honda,A/N SENDIRI,Pajak Tidak Aktif,2,3355000.0,0.0,0.4066666666666667,0.4066666666666667,TIDAK ISI,1,0,0,0,Lunas (Lancar),0
2025-01-02 10:10:21,Honda,A/N SENDIRI,Pajak Tidak Aktif,4,3355000.0,0.0,0.4,0.4066666666666667,TIDAK ISI,0,0,0,0,Lunas (Lancar),0
2025-01-02 10:10:33,Honda,A/N SENDIRI,Pajak Tidak Aktif,7,3575000.0,0.0,0.4153846153846154,0.5,KARYAWAN SWASTA,1,0,0,0,Lunas (Lancar),0
2025-01-02 10:11:07,Honda,A/N ORANG LAIN,Pajak Tidak Aktif,2,2915000.0,0.0,0.35333333333333333,0.35333333333333333,BURUH,0,0,0,0,Lunas (Lancar),0
2025-01-02 10:11:55,Yamaha,A/N ORANG LAIN,Pajak Tidak Aktif,8,2915000.0,0.0,0.35333333333333333,0.35333333333333333,TIDAK ISI,1,0,0,0,Lunas (Lancar),0
2025-01-02 10:12:23,Yamaha,A/N SENDIRI,Pajak Tidak Aktif,3,4400000.0,0.0,0.3,0.4,PELAJAR/MAHASISWA,1,0,0,0,Lunas (Lancar),0
2025-01-02 10:12:33,Honda,A/N SENDIRI,Pajak Tidak Aktif,3,2255000.0,0.0,0.16,0.2733333333333333,KARYAWAN SWASTA,0,0,0,0,Lunas (Lancar),0
2025-01-02 10:13:43,Honda,A/N SENDIRI,Pajak Tidak Aktif,6,3300000.0,0.0,0.4,0.4,TIDAK ISI,1,0,0,0,Lunas (Lancar),0
2025-01-02 10:14:43,Honda,A/N SENDIRI,Pajak Tidak Aktif,3,3355000.0,0.0,0.26666666666666666,0.4066666666666667,TIDAK ISI,1,0,0,0,Lunas (Lancar),0
2025-01-02 10:14:58,Honda,A/N SENDIRI,Pajak Tidak Aktif,4,3300000.0,0.0,0.4,0.4,PELAJAR/MAHASISWA,1,0,0,0,Lunas (Lancar),0
2025-01-02 10:15:24,Honda,A/N ORANG LAIN,Pajak Tidak Aktif,3,1650000.0,0.0,0.2,0.2,TIDAK ISI,1,0,0,0,Lunas (Lancar),0
2025-01-02 10:17:11,LAINNYA,A/N SENDIRI,Pajak Tidak Aktif,3,4455000.0,0.0,0.405,0.405,TIDAK ISI,0,0,0,0,Lunas (Lancar),0
2025-01-02 10:17:43,Honda,A/N SENDIRI,Pajak Tidak Aktif,3,4455000.0,0.0,0.405,0.405,TIDAK ISI,0,0,0,0,Lunas (Lancar),0
2025-01-02 10:17:47,Honda,A/N SENDIRI,Pajak Tidak Aktif,10,2200000.0,0.0,0.4,0.4,TIDAK ISI,1,0,0,0,Lunas (Lancar),0
2025-01-02 10:20:19,Honda,A/N SENDIRI,Pajak Tidak Aktif,7,3300000.0,0.0,0.4,0.4,TIDAK ISI,0,0,0,0,Lunas (Lancar),0
2025-01-02 10:21:58,Honda,A/N ORANG LAIN,Pajak Tidak Aktif,10,990000.0,0.0,0.36,0.36,TIDAK ISI,0,0,0,0,Lunas (Lancar),0
2025-01-02 10:24:43,Honda,A/N ORANG LAIN,Pajak Tidak Aktif,7,1925000.0,0.0,0.2,0.35,IBU RUMAH TANGGA,0,0,0,0,Lunas (Lancar),0
2025-01-02 10:25:16,Honda,A/N SENDIRI,Pajak Tidak Aktif,8,1485000.0,0.0,0.27,0.27,TIDAK ISI,0,0,0,0,Lunas (Lancar),0
2025-01-02 10:25:45,Honda,A/N ORANG LAIN,Pajak Tidak Aktif,7,1925000.0,0.0,0.35,0.35,TIDAK ISI,1,0,0,0,Lunas (Lancar),0
2025-01-02 10:29:30,Honda,A/N SENDIRI,Pajak Tidak Aktif,4,2255000.0,0.0,0.2733333333333333,0.2733333333333333,TIDAK ISI,1,0,0,0,Lunas (Lancar),0
2025-01-02 10:31:38,Yamaha,A/N SENDIRI,Pajak Tidak Aktif,3,3300000.0,0.0,0.26666666666666666,0.4,TIDAK ISI,1,0,0,0,Lunas (Lancar),0
2025-01-02 10:31:43,Honda,A/N ORANG LAIN,Pajak Tidak Aktif,7,2970000.0,0.0,0.36,0.36,TIDAK ISI,1,0,0,0,Lunas (Lancar),0
2025-01-02 10:32:02,Honda,A/N SENDIRI,Pajak Tidak Aktif,2,3300000.0,0.0,0.4,0.4,PELAJAR/MAHASISWA,1,0,0,0,Lunas (Lancar),0
2025-01-02 10:32:35,Honda,A/N ORANG LAIN,Pajak Tidak Aktif,13,605000.0,0.0,0.22,0.22,TIDAK ISI,0,0,0,0,Lunas (Lancar),0
2025-01-02 10:32:45,Honda,A/N ORANG LAIN,Pajak Tidak Aktif,12,990000.0,900000.0,0.36,0.36,BURUH,0,379,1,1,NPL Berat > 90 Hari (DPD >90 / Bad Debt),1
2025-01-02 10:33:03,Honda,A/N ORANG LAIN,Pajak Tidak Aktif,12,1045000.0,0.0,0.38,0.38,TIDAK ISI,0,0,0,0,Lunas (Lancar),0
2025-01-02 10:36:13,Honda,A/N ORANG LAIN,Pajak Tidak Aktif,9,990000.0,0.0,0.36,0.36,TIDAK ISI,1,0,0,0,Lunas (Lancar),0
2025-01-02 10:36:47,Honda,A/N ORANG LAIN,Pajak Tidak Aktif,9,1925000.0,0.0,0.25,0.35,TIDAK ISI,0,0,0,0,Lunas (Lancar),0
2025-01-02 10:39:48,Honda,A/N ORANG LAIN,Pajak Tidak Aktif,12,1045000.0,950000.0,0.38,0.38,TIDAK ISI,0,591,1,1,NPL Berat > 90 Hari (DPD >90 / Bad Debt),1
2025-01-02 10:41:10,Honda,A/N ORANG LAIN,Pajak Tidak Aktif,5,3905000.0,0.0,0.25,0.355,TIDAK ISI,0,0,0,0,Lunas (Lancar),0
2025-01-02 10:41:37,Yamaha,A/N ORANG LAIN,Pajak Tidak Aktif,9,1925000.0,0.0,0.35,0.35,TIDAK ISI,0,0,0,0,Lunas (Lancar),0
2025-01-02 10:43:14,Honda,A/N ORANG LAIN,Pajak Tidak Aktif,4,3850000.0,0.0,0.35,0.35,TIDAK ISI,1,0,0,0,Lunas (Lancar),0
2025-01-02 10:43:23,Honda,A/N ORANG LAIN,Pajak Tidak Aktif,8,1430000.0,0.0,0.2,0.2,PELAJAR/MAHASISWA,0,0,0,0,Lunas (Lancar),0
2025-01-02 10:43:52,Honda,A/N ORANG LAIN,Pajak Tidak Aktif,7,1925000.0,0.0,0.35,0.35,KARYAWAN SWASTA,1,0,0,0,Lunas (Lancar),0
2025-01-02 10:46:34,Honda,A/N SENDIRI,Pajak Tidak Aktif,3,3740000.0,0.0,0.35294117647058826,0.4,TIDAK ISI,1,0,0,0,Lunas (Lancar),0
2025-01-02 10:47:24,Honda,A/N ORANG LAIN,Pajak Tidak Aktif,3,2915000.0,0.0,0.2,0.35333333333333333,TIDAK ISI,0,0,0,0,Lunas (Lancar),0
2025-01-02 10:47:32,Yamaha,A/N ORANG LAIN,Pajak Tidak Aktif,8,5830000.0,0.0,0.18,0.35333333333333333,TIDAK ISI,1,0,0,0,Lunas (Lancar),0
2025-01-02 10:47:54,Honda,A/N ORANG LAIN,Pajak Tidak Aktif,8,1925000.0,0.0,0.28,0.35,TIDAK ISI,0,0,0,0,Lunas (Lancar),0
2025-01-02 10:50:04,Yamaha,A/N ORANG LAIN,Pajak Tidak Aktif,4,2970000.0,0.0,0.24,0.36,TIDAK ISI,1,0,0,0,Lunas (Lancar),0
2025-01-02 10:50:59,Honda,A/N ORANG LAIN,Pajak Tidak Aktif,13,990000.0,0.0,0.36,0.36,PEDAGANG,0,0,0,0,Lunas (Lancar),0
2025-01-02 10:51:57,Honda,A/N SENDIRI,Pajak Tidak Aktif,8,2860000.0,0.0,0.4,0.4,TIDAK ISI,1,0,0,0,Lunas (Lancar),0
2025-01-02 10:52:15,Honda,A/N SENDIRI,Pajak Tidak Aktif,5,3300000.0,0.0,0.4,0.4,TIDAK ISI,0,0,0,0,Lunas (Lancar),0
2025-01-02 10:52:25,Honda,A/N SENDIRI,Pajak Tidak Aktif,7,3355000.0,0.0,0.4066666666666667,0.4066666666666667,TIDAK ISI,1,0,0,0,Lunas (Lancar),0
2025-01-02 10:53:41,Honda,A/N ORANG LAIN,Pajak Tidak Aktif,3,2915000.0,0.0,0.35333333333333333,0.35333333333333333,TIDAK ISI,0,0,0,0,Lunas (Lancar),0
2025-01-02 10:56:37,Honda,A/N SENDIRI,Pajak Tidak Aktif,9,2035000.0,0.0,0.4111111111111111,0.4111111111111111,TIDAK ISI,1,0,0,0,Lunas (Lancar),0
2025-01-02 10:58:06,Honda,A/N SENDIRI,Pajak Tidak Aktif,7,2255000.0,0.0,0.41,0.41,TIDAK ISI,0,0,0,0,Lunas (Lancar),0
2025-01-02 10:59:47,Honda,A/N ORANG LAIN,Pajak Tidak Aktif,4,2970000.0,0.0,0.36,0.36,TIDAK ISI,0,0,0,0,Lunas (Lancar),0
2025-01-02 10:59:59,Honda,A/N SENDIRI,Pajak Tidak Aktif,11,1100000.0,0.0,0.4,0.4,PELAJAR/MAHASISWA,0,0,0,0,Lunas (Lancar),0
2025-01-02 11:00:54,Honda,A/N ORANG LAIN,Pajak Tidak Aktif,5,2200000.0,0.0,0.2,0.2,TIDAK ISI,0,0,0,0,Lunas (Lancar),0
2025-01-02 11:01:01,Honda,A/N ORANG LAIN,Pajak Tidak Aktif,8,1705000.0,0.0,0.20666666666666667,0.20666666666666667,TIDAK ISI,0,0,0,0,Lunas (Lancar),0
2025-01-02 11:02:03,Honda,A/N ORANG LAIN,Pajak Tidak Aktif,8,1155000.0,0.0,0.21,0.21,TIDAK ISI,1,0,0,0,Lunas (Lancar),0
2025-01-02 11:03:07,Honda,A/N ORANG LAIN,Pajak Tidak Aktif,7,1980000.0,0.0,0.24,0.36,TIDAK ISI,1,0,0,0,Lunas (Lancar),0
2025-01-02 11:04:16,Honda,A/N SENDIRI,Pajak Tidak Aktif,9,1155000.0,0.0,0.42,0.42,TIDAK ISI,1,0,0,0,Lunas (Lancar),0
2025-01-02 11:04:28,Honda,A/N SENDIRI,Pajak Tidak Aktif,10,825000.0,0.0,0.3,0.3,TIDAK ISI,1,0,0,0,Lunas (Lancar),0
2025-01-02 11:05:11,Honda,A/N ORANG LAIN,Pajak Tidak Aktif,12,1045000.0,0.0,0.38,0.38,TIDAK ISI,0,0,0,0,Lunas (Lancar),0
2025-01-02 11:05:19,Honda,A/N SENDIRI,Pajak Tidak Aktif,8,2200000.0,0.0,0.4,0.4,KARYAWAN SWASTA,1,0,0,0,Lunas (Lancar),0
2025-01-02 11:05:38,Yamaha,A/N ORANG LAIN,Pajak Tidak Aktif,3,3685000.0,0.0,0.2,0.335,PNS,1,0,0,0,Lunas (Lancar),0
2025-01-02 11:07:06,Yamaha,A/N ORANG LAIN,Pajak Tidak Aktif,10,990000.0,0.0,0.36,0.36,IBU RUMAH TANGGA,0,0,0,0,Lunas (Lancar),0
2025-01-02 11:07:42,Honda,A/N ORANG LAIN,Pajak Tidak Aktif,8,2970000.0,0.0,0.29333333333333333,0.36,TIDAK ISI,0,0,0,0,Lunas (Lancar),0
2025-01-02 11:10:45,Yamaha,A/N ORANG LAIN,Pajak Tidak Aktif,13,1100000.0,0.0,0.2,0.2,BURUH,0,0,0,0,Lunas (Lancar),0
2025-01-02 11:10:51,Yamaha,A/N ORANG LAIN,Pajak Tidak Aktif,4,4950000.0,0.0,0.35,0.45,PELAJAR/MAHASISWA,1,0,0,0,Lunas (Lancar),0
2025-01-02 11:11:24,Honda,A/N ORANG LAIN,Pajak Tidak Aktif,12,990000.0,0.0,0.36,0.36,TIDAK ISI,0,0,0,0,Lunas (Lancar),0
2025-01-02 11:12:39,Honda,A/N SENDIRI,Pajak Tidak Aktif,4,3300000.0,0.0,0.4,0.4,IBU RUMAH TANGGA,0,0,0,0,Lunas (Lancar),0
2025-01-02 11:13:51,Honda,A/N SENDIRI,Pajak Tidak Aktif,4,3300000.0,0.0,0.31333333333333335,0.4,TIDAK ISI,0,0,0,0,Lunas (Lancar),0
2025-01-02 11:13:54,Honda,A/N ORANG LAIN,Pajak Tidak Aktif,7,1980000.0,0.0,0.3,0.36,TIDAK ISI,0,0,0,0,Lunas (Lancar),0
2025-01-02 11:14:14,Honda,A/N SENDIRI,Pajak Tidak Aktif,4,3355000.0,0.0,0.4066666666666667,0.4066666666666667,TIDAK ISI,0,0,0,0,Lunas (Lancar),0
2025-01-02 11:14:21,Honda,A/N SENDIRI,Pajak Tidak Aktif,7,2860000.0,0.0,0.4,0.4,TIDAK ISI,0,0,0,0,Lunas (Lancar),0
2025-01-02 11:15:12,Yamaha,A/N ORANG LAIN,Pajak Tidak Aktif,11,1320000.0,0.0,0.24,0.24,TIDAK ISI,1,0,0,0,Lunas (Lancar),0
2025-01-02 11:16:45,Honda,A/N ORANG LAIN,Pajak Tidak Aktif,9,1045000.0,0.0,0.38,0.38,TIDAK ISI,0,0,0,0,Lunas (Lancar),0
2025-01-02 11:21:08,Honda,A/N ORANG LAIN,Pajak Tidak Aktif,8,2475000.0,0.0,0.35,0.45,BURUH,1,0,0,0,Lunas (Lancar),0
2025-01-02 11:24:09,Honda,A/N SENDIRI,Pajak Tidak Aktif,7,2255000.0,0.0,0.41,0.41,TIDAK ISI,0,0,0,0,Lunas (Lancar),0
2025-01-02 11:25:31,Honda,A/N ORANG LAIN,Pajak Tidak Aktif,5,2970000.0,0.0,0.36,0.36,TIDAK ISI,0,0,0,0,Lunas (Lancar),0
2025-01-02 11:26:18,Yamaha,A/N SENDIRI,Pajak Tidak Aktif,5,2255000.0,0.0,0.2733333333333333,0.2733333333333333,KARYAWAN SWASTA,0,0,0,0,Lunas (Lancar),0
2025-01-02 11:27:24,Honda,A/N SENDIRI,Pajak Tidak Aktif,5,2640000.0,0.0,0.2823529411764706,0.2823529411764706,TIDAK ISI,0,0,0,0,Lunas (Lancar),0
2025-01-02 11:29:16,Honda,A/N ORANG LAIN,Pajak Tidak Aktif,2,2970000.0,0.0,0.35333333333333333,0.36,TIDAK ISI,0,0,0,0,Lunas (Lancar),0
2025-01-02 11:32:05,Honda,A/N SENDIRI,Pajak Tidak Aktif,3,3300000.0,700000.0,0.2,0.4,TIDAK ISI,0,0,0,0,Tepat Waktu,0
2025-01-02 11:34:45,Honda,A/N SENDIRI,Pajak Tidak Aktif,3,3355000.0,0.0,0.26666666666666666,0.4066666666666667,TIDAK ISI,0,0,0,0,Lunas (Lancar),0
2025-01-02 11:35:05,Honda,A/N SENDIRI,Pajak Tidak Aktif,5,3300000.0,0.0,0.4,0.4,TIDAK ISI,0,0,0,0,Lunas (Lancar),0
2025-01-02 11:36:21,Yamaha,A/N SENDIRI,Pajak Tidak Aktif,12,1155000.0,0.0,0.42,0.42,TIDAK ISI,1,0,0,0,Lunas (Lancar),0
2025-01-02 11:37:17,Honda,A/N ORANG LAIN,Pajak Tidak Aktif,8,1210000.0,0.0,0.22,0.22,TIDAK ISI,0,0,0,0,Lunas (Lancar),0
2025-01-02 11:38:56,Yamaha,A/N SENDIRI,Pajak Tidak Aktif,10,2255000.0,0.0,0.21,0.41,TIDAK ISI,0,0,0,0,Lunas (Lancar),0
2025-01-02 11:40:43,Honda,A/N ORANG LAIN,Pajak Tidak Aktif,13,1045000.0,0.0,0.2,0.38,TIDAK ISI,0,0,0,0,Lunas (Lancar),0
2025-01-02 11:41:26,Honda,A/N SENDIRI,Pajak Tidak Aktif,7,2255000.0,0.0,0.4,0.41,TIDAK ISI,1,0,0,0,Lunas (Lancar),0
2025-01-02 11:41:27,Yamaha,A/N SENDIRI,Pajak Tidak Aktif,3,4400000.0,0.0,0.4,0.4,KARYAWAN SWASTA,0,0,0,0,Lunas (Lancar),0
2025-01-02 11:42:27,Honda,A/N ORANG LAIN,Pajak Tidak Aktif,4,2915000.0,0.0,0.35333333333333333,0.35333333333333333,BELUM/TIDAK BEKERJA,0,0,0,0,Lunas (Lancar),0
2025-01-02 11:42:36,Honda,A/N ORANG LAIN,Pajak Tidak Aktif,8,2915000.0,0.0,0.35333333333333333,0.35333333333333333,TIDAK ISI,0,0,0,0,Lunas (Lancar),0
2025-01-02 11:43:11,Honda,A/N SENDIRI,Pajak Tidak Aktif,4,3300000.0,0.0,0.26666666666666666,0.4,KARYAWAN SWASTA,0,0,0,0,Lunas (Lancar),0
2025-01-02 11:43:49,Honda,A/N SENDIRI,Pajak Tidak Aktif,5,3355000.0,0.0,0.4066666666666667,0.4066666666666667,TIDAK ISI,0,0,0,0,Lunas (Lancar),0
2025-01-02 11:44:42,Honda,A/N SENDIRI,Pajak Tidak Aktif,13,2200000.0,0.0,0.4,0.4,TIDAK ISI,0,0,0,0,Lunas (Lancar),0
2025-01-02 11:44:43,Yamaha,A/N SENDIRI,Pajak Tidak Aktif,3,4400000.0,0.0,0.4,0.4,TIDAK ISI,1,0,0,0,Lunas (Lancar),0
2025-01-02 11:45:26,Honda,A/N ORANG LAIN,Pajak Tidak Aktif,5,2970000.0,0.0,0.36,0.36,TIDAK ISI,1,0,0,0,Lunas (Lancar),0
2025-01-02 11:46:33,Yamaha,A/N ORANG LAIN,Pajak Tidak Aktif,4,2915000.0,0.0,0.35333333333333333,0.35333333333333333,KARYAWAN SWASTA,1,0,0,0,Lunas (Lancar),0
2025-01-02 11:49:12,Honda,A/N SENDIRI,Pajak Tidak Aktif,11,1100000.0,1000000.0,0.4,0.4,TIDAK ISI,1,591,0,0,NPL Berat > 90 Hari (DPD >90 / Bad Debt),0
2025-01-02 11:49:42,Honda,A/N SENDIRI,Pajak Tidak Aktif,10,2200000.0,0.0,0.4,0.4,KARYAWAN SWASTA,1,0,0,0,Lunas (Lancar),0
2025-01-02 11:50:53,Honda,A/N ORANG LAIN,Pajak Tidak Aktif,8,1980000.0,0.0,0.36,0.36,TIDAK ISI,1,0,0,0,Lunas (Lancar),0
2025-01-02 11:51:24,Honda,A/N ORANG LAIN,Pajak Tidak Aktif,13,935000.0,0.0,0.34,0.34,TIDAK ISI,0,0,0,0,Lunas (Lancar),0
2025-01-02 11:51:55,Honda,A/N ORANG LAIN,Pajak Tidak Aktif,8,2970000.0,0.0,0.36,0.36,TIDAK ISI,0,0,0,0,Lunas (Lancar),0
2025-01-02 11:52:29,Honda,A/N ORANG LAIN,Pajak Tidak Aktif,11,990000.0,0.0,0.36,0.36,TIDAK ISI,1,0,0,0,Lunas (Lancar),0
2025-01-02 11:54:26,Honda,A/N SENDIRI,Pajak Tidak Aktif,3,2255000.0,0.0,0.14,0.2733333333333333,TIDAK ISI,1,0,0,0,Lunas (Lancar),0
2025-01-02 11:58:08,Honda,A/N ORANG LAIN,Pajak Tidak Aktif,5,3740000.0,0.0,0.35333333333333333,0.4533333333333333,KARYAWAN SWASTA,1,0,0,0,Lunas (Lancar),0
2025-01-02 11:59:16,Honda,A/N SENDIRI,Pajak Tidak Aktif,8,2255000.0,2050000.0,0.41,0.41,TIDAK ISI,0,0,0,0,Tepat Waktu,0
2025-01-02 11:59:17,Honda,A/N ORANG LAIN,Pajak Tidak Aktif,8,1980000.0,1800000.0,0.36,0.36,TIDAK ISI,0,318,1,1,NPL Berat > 90 Hari (DPD >90 / Bad Debt),1
2025-01-02 12:00:56,Honda,A/N SENDIRI,Pajak Tidak Aktif,11,1100000.0,0.0,0.28,0.4,TIDAK ISI,1,0,0,0,Lunas (Lancar),0
2025-01-02 12:01:27,Honda,A/N SENDIRI,Pajak Tidak Aktif,13,1155000.0,0.0,0.42,0.42,TIDAK ISI,0,0,0,0,Lunas (Lancar),0
2025-01-02 12:02:05,Honda,A/N ORANG LAIN,Pajak Tidak Aktif,10,990000.0,0.0,0.36,0.36,TIDAK ISI,1,0,0,0,Lunas (Lancar),0
2025-01-02 12:05:14,Honda,A/N ORANG LAIN,Pajak Tidak Aktif,3,1650000.0,0.0,0.2,0.2,TIDAK ISI,1,0,0,0,Lunas (Lancar),0
2025-01-02 12:06:24,Honda,A/N ORANG LAIN,Pajak Tidak Aktif,6,1925000.0,0.0,0.35,0.35,IBU RUMAH TANGGA,0,0,0,0,Lunas (Lancar),0
2025-01-02 12:08:24,Honda,A/N ORANG LAIN,Pajak Tidak Aktif,13,990000.0,0.0,0.36,0.36,TIDAK ISI,0,0,0,0,Lunas (Lancar),0
2025-01-02 12:09:00,Honda,A/N ORANG LAIN,Pajak Tidak Aktif,6,1980000.0,0.0,0.36,0.36,TIDAK ISI,0,0,0,0,Lunas (Lancar),0
2025-01-02 12:11:14,Honda,A/N SENDIRI,Pajak Tidak Aktif,2,4400000.0,0.0,0.4,0.4,TIDAK ISI,0,0,0,0,Lunas (Lancar),0
2025-01-02 12:15:46,Honda,A/N ORANG LAIN,Pajak Tidak Aktif,6,1980000.0,0.0,0.36,0.36,TIDAK ISI,1,0,0,0,Lunas (Lancar),0
2025-01-02 12:15:51,Honda,A/N SENDIRI,Pajak Tidak Aktif,4,3355000.0,0.0,0.4066666666666667,0.4066666666666667,TIDAK ISI,1,0,0,0,Lunas (Lancar),0
2025-01-02 12:16:14,Honda,A/N SENDIRI,Pajak Tidak Aktif,2,4455000.0,0.0,0.35,0.405,TIDAK ISI,1,0,0,0,Lunas (Lancar),0
2025-01-02 12:17:36,Honda,A/N SENDIRI,Pajak Tidak Aktif,8,2200000.0,0.0,0.4,0.4,BELUM/TIDAK BEKERJA,1,0,0,0,Lunas (Lancar),0
2025-01-02 12:17:50,Yamaha,A/N SENDIRI,Pajak Tidak Aktif,13,1485000.0,0.0,0.27,0.27,TIDAK ISI,0,0,0,0,Lunas (Lancar),0
2025-01-02 12:20:25,Honda,A/N SENDIRI,Pajak Tidak Aktif,12,1155000.0,0.0,0.4,0.42,TIDAK ISI,1,0,0,0,Lunas (Lancar),0
2025-01-02 12:21:04,Honda,A/N ORANG LAIN,Pajak Tidak Aktif,6,1925000.0,0.0,0.35,0.35,IBU RUMAH TANGGA,0,0,0,0,Lunas (Lancar),0
2025-01-02 12:22:01,Yamaha,A/N ORANG LAIN,Pajak Tidak Aktif,9,1980000.0,0.0,0.36,0.36,TIDAK ISI,0,0,0,0,Lunas (Lancar),0
2025-01-02 12:23:45,Yamaha,A/N SENDIRI,Pajak Tidak Aktif,9,2200000.0,0.0,0.4,0.4,TIDAK ISI,0,0,0,0,Lunas (Lancar),0
2025-01-02 12:24:26,Yamaha,A/N ORANG LAIN,Pajak Tidak Aktif,12,1320000.0,0.0,0.24,0.24,TIDAK ISI,1,0,0,0,Lunas (Lancar),0
2025-01-02 12:27:02,Honda,A/N SENDIRI,Pajak Tidak Aktif,5,3300000.0,0.0,0.2,0.4,PELAJAR/MAHASISWA,1,0,0,0,Lunas (Lancar),0
2025-01-02 12:27:22,Honda,A/N ORANG LAIN,Pajak Tidak Aktif,13,990000.0,0.0,0.36,0.36,TIDAK ISI,0,0,0,0,Lunas (Lancar),0
2025-01-02 12:28:59,Honda,A/N SENDIRI,Pajak Tidak Aktif,7,2200000.0,0.0,0.4,0.4,TIDAK ISI,0,0,0,0,Lunas (Lancar),0
2025-01-02 12:30:02,Yamaha,A/N SENDIRI,Pajak Tidak Aktif,8,2200000.0,0.0,0.4,0.4,LAINNYA,1,0,0,0,Lunas (Lancar),0
2025-01-02 12:30:54,Yamaha,A/N ORANG LAIN,Pajak Tidak Aktif,5,2915000.0,0.0,0.35333333333333333,0.35333333333333333,BURUH,0,0,0,0,Lunas (Lancar),0
2025-01-02 12:32:56,Honda,A/N SENDIRI,Pajak Tidak Aktif,12,1100000.0,0.0,0.4,0.4,IBU RUMAH TANGGA,0,0,0,0,Lunas (Lancar),0
2025-01-02 12:33:39,Honda,A/N ORANG LAIN,Pajak Tidak Aktif,5,3850000.0,0.0,0.35,0.35,KARYAWAN SWASTA,0,0,0,0,Lunas (Lancar),0
2025-01-02 12:34:09,Honda,A/N ORANG LAIN,Pajak Tidak Aktif,2,3905000.0,0.0,0.355,0.355,TIDAK ISI,0,0,0,0,Lunas (Lancar),0
2025-01-02 12:34:11,Yamaha,A/N ORANG LAIN,Pajak Tidak Aktif,12,990000.0,900000.0,0.36,0.36,TIDAK ISI,0,14,0,0,Keterlambatan 1-30 Hari (DPD 1-30),0
2025-01-02 12:35:13,Honda,A/N ORANG LAIN,Pajak Tidak Aktif,10,1925000.0,0.0,0.35,0.35,TIDAK ISI,1,0,0,0,Lunas (Lancar),0
2025-01-02 12:35:51,Yamaha,A/N SENDIRI,Pajak Tidak Aktif,13,1100000.0,0.0,0.4,0.4,KARYAWAN SWASTA,1,0,0,0,Lunas (Lancar),0
2025-01-02 12:38:31,Yamaha,A/N ORANG LAIN,Pajak Tidak Aktif,10,1925000.0,0.0,0.35,0.35,TIDAK ISI,1,0,0,0,Lunas (Lancar),0
2025-01-02 12:42:10,Yamaha,A/N ORANG LAIN,Pajak Tidak Aktif,7,1595000.0,0.0,0.13333333333333333,0.19333333333333333,TIDAK ISI,0,0,0,0,Lunas (Lancar),0
2025-01-02 12:42:35,Honda,A/N ORANG LAIN,Pajak Tidak Aktif,4,1705000.0,1550000.0,0.20666666666666667,0.20666666666666667,TIDAK ISI,0,591,1,1,NPL Berat > 90 Hari (DPD >90 / Bad Debt),1
2025-01-02 12:42:53,Honda,A/N SENDIRI,Pajak Tidak Aktif,2,4455000.0,0.0,0.3,0.405,TIDAK ISI,0,0,0,0,Lunas (Lancar),0
2025-01-02 12:43:50,Honda,A/N ORANG LAIN,Pajak Tidak Aktif,11,990000.0,0.0,0.36,0.36,TIDAK ISI,1,0,0,0,Lunas (Lancar),0
2025-01-02 12:44:25,Honda,A/N SENDIRI,Pajak Tidak Aktif,12,1155000.0,0.0,0.42,0.42,TIDAK ISI,0,0,0,0,Lunas (Lancar),0
2025-01-02 12:47:31,Yamaha,A/N ORANG LAIN,Pajak Tidak Aktif,2,3905000.0,0.0,0.355,0.355,TIDAK ISI,1,0,0,0,Lunas (Lancar),0
2025-01-02 12:49:44,Honda,A/N ORANG LAIN,Pajak Tidak Aktif,2,2970000.0,0.0,0.36,0.36,TIDAK ISI,1,0,0,0,Lunas (Lancar),0
2025-01-02 12:54:23,Honda,A/N ORANG LAIN,Pajak Tidak Aktif,7,2585000.0,2100000.0,0.35384615384615387,0.36153846153846153,TIDAK ISI,0,45,1,0,NPL Transisi 31-90 Hari (DPD 31-90),1
2025-01-02 12:54:56,Honda,A/N SENDIRI,Pajak Tidak Aktif,3,2255000.0,0.0,0.2733333333333333,0.2733333333333333,TIDAK ISI,0,0,0,0,Lunas (Lancar),0
2025-01-02 12:55:35,Honda,A/N SENDIRI,Pajak Tidak Aktif,11,1375000.0,0.0,0.5,0.5,PELAJAR/MAHASISWA,0,0,0,0,Lunas (Lancar),0
2025-01-02 12:58:06,Honda,A/N SENDIRI,Pajak Tidak Aktif,2,3300000.0,0.0,0.26666666666666666,0.4,TIDAK ISI,1,0,0,0,Lunas (Lancar),0
2025-01-02 12:59:08,Honda,A/N SENDIRI,Pajak Tidak Aktif,4,4455000.0,0.0,0.405,0.405,TIDAK ISI,1,0,0,0,Lunas (Lancar),0
2025-01-02 12:59:42,Honda,A/N ORANG LAIN,Pajak Tidak Aktif,4,2915000.0,0.0,0.35333333333333333,0.35333333333333333,BELUM/TIDAK BEKERJA,1,0,0,0,Lunas (Lancar),0
2025-01-02 13:00:31,Honda,A/N ORANG LAIN,Pajak Tidak Aktif,12,1045000.0,0.0,0.38,0.38,TIDAK ISI,0,0,0,0,Lunas (Lancar),0
2025-01-02 13:01:38,Honda,A/N SENDIRI,Pajak Tidak Aktif,3,3300000.0,0.0,0.2,0.4,TIDAK ISI,1,0,0,0,Lunas (Lancar),0
2025-01-02 13:02:09,Honda,A/N SENDIRI,Pajak Tidak Aktif,8,2200000.0,0.0,0.4,0.4,PELAJAR/MAHASISWA,1,0,0,0,Lunas (Lancar),0
2025-01-02 13:03:04,Honda,A/N SENDIRI,Pajak Tidak Aktif,4,3300000.0,0.0,0.4,0.4,TIDAK ISI,1,0,0,0,Lunas (Lancar),0
2025-01-02 13:03:39,Honda,A/N SENDIRI,Pajak Tidak Aktif,5,3025000.0,0.0,0.2,0.275,TIDAK ISI,0,0,0,0,Lunas (Lancar),0
2025-01-02 13:12:14,Honda,A/N ORANG LAIN,Pajak Tidak Aktif,5,2915000.0,2650000.0,0.35333333333333333,0.35333333333333333,TIDAK ISI,0,591,1,1,NPL Berat > 90 Hari (DPD >90 / Bad Debt),1
2025-01-02 13:12:36,Honda,A/N SENDIRI,Pajak Tidak Aktif,6,2915000.0,0.0,0.4076923076923077,0.4076923076923077,TIDAK ISI,0,0,0,0,Lunas (Lancar),0
2025-01-02 13:13:37,Honda,A/N ORANG LAIN,Pajak Tidak Aktif,5,2970000.0,0.0,0.36,0.36,TIDAK ISI,0,0,0,0,Lunas (Lancar),0
2025-01-02 13:16:00,Yamaha,A/N SENDIRI,Pajak Tidak Aktif,13,770000.0,0.0,0.28,0.28,KARYAWAN SWASTA,0,0,0,0,Lunas (Lancar),0
2025-01-02 13:17:01,Yamaha,A/N ORANG LAIN,Pajak Tidak Aktif,13,990000.0,900000.0,0.36,0.36,KARYAWAN SWASTA,0,0,0,0,Tepat Waktu,0
2025-01-02 13:17:04,Yamaha,A/N ORANG LAIN,Pajak Tidak Aktif,11,990000.0,0.0,0.36,0.36,KARYAWAN SWASTA,0,0,0,0,Lunas (Lancar),0
2025-01-02 13:18:59,Yamaha,A/N SENDIRI,Pajak Tidak Aktif,12,1155000.0,0.0,0.42,0.42,TIDAK ISI,1,0,0,0,Lunas (Lancar),0
2025-01-02 13:20:10,Honda,A/N ORANG LAIN,Pajak Tidak Aktif,8,2970000.0,0.0,0.36,0.36,TIDAK ISI,1,0,0,0,Lunas (Lancar),0
2025-01-02 13:22:01,Honda,A/N ORANG LAIN,Pajak Tidak Aktif,3,2915000.0,0.0,0.2,0.35333333333333333,TIDAK ISI,1,0,0,0,Lunas (Lancar),0
2025-01-02 13:23:33,Honda,A/N SENDIRI,Pajak Tidak Aktif,5,3300000.0,0.0,0.4,0.4,PELAJAR/MAHASISWA,0,0,0,0,Lunas (Lancar),0
2025-01-02 13:26:36,Yamaha,A/N ORANG LAIN,Pajak Tidak Aktif,11,1980000.0,1800000.0,0.36,0.36,TIDAK ISI,0,441,1,1,NPL Berat > 90 Hari (DPD >90 / Bad Debt),1
2025-01-02 13:27:47,Yamaha,A/N ORANG LAIN,Pajak Tidak Aktif,12,1045000.0,450000.0,0.38,0.38,TIDAK ISI,0,14,0,0,Keterlambatan 1-30 Hari (DPD 1-30),0
2025-01-02 13:30:39,Honda,A/N ORANG LAIN,Pajak Tidak Aktif,7,1980000.0,0.0,0.36,0.36,TIDAK ISI,0,0,0,0,Lunas (Lancar),0
2025-01-02 13:31:19,Honda,A/N SENDIRI,Pajak Tidak Aktif,5,3355000.0,0.0,0.20666666666666667,0.4066666666666667,TIDAK ISI,0,0,0,0,Lunas (Lancar),0
2025-01-02 13:32:50,Yamaha,A/N SENDIRI,Pajak Tidak Aktif,3,4400000.0,0.0,0.4,0.4,TIDAK ISI,1,0,0,0,Lunas (Lancar),0
2025-01-02 13:35:05,Honda,A/N SENDIRI,Pajak Tidak Aktif,5,3300000.0,0.0,0.4,0.4,TIDAK ISI,0,0,0,0,Lunas (Lancar),0
2025-01-02 13:35:38,Honda,A/N SENDIRI,Pajak Tidak Aktif,2,4455000.0,0.0,0.405,0.405,TIDAK ISI,1,0,0,0,Lunas (Lancar),0
2025-01-02 13:35:50,Honda,A/N ORANG LAIN,Pajak Tidak Aktif,8,1980000.0,0.0,0.36,0.36,TIDAK ISI,0,0,0,0,Lunas (Lancar),0
2025-01-02 13:36:58,Honda,A/N ORANG LAIN,Pajak Tidak Aktif,8,1100000.0,0.0,0.2,0.2,TIDAK ISI,0,0,0,0,Lunas (Lancar),0
2025-01-02 13:38:39,Honda,A/N ORANG LAIN,Pajak Tidak Aktif,2,3850000.0,0.0,0.18,0.35,TIDAK ISI,1,0,0,0,Lunas (Lancar),0
2025-01-02 13:38:49,Honda,A/N SENDIRI,Pajak Tidak Aktif,9,1100000.0,0.0,0.28,0.4,KARYAWAN SWASTA,1,0,0,0,Lunas (Lancar),0
2025-01-02 13:39:24,Honda,A/N SENDIRI,Pajak Tidak Aktif,4,3355000.0,0.0,0.20666666666666667,0.4066666666666667,TIDAK ISI,0,0,0,0,Lunas (Lancar),0
2025-01-02 13:39:46,Yamaha,A/N SENDIRI,Pajak Tidak Aktif,8,3300000.0,0.0,0.4,0.4,TIDAK ISI,1,0,0,0,Lunas (Lancar),0
2025-01-02 13:41:42,Honda,A/N ORANG LAIN,Pajak Tidak Aktif,11,1045000.0,0.0,0.38,0.38,TIDAK ISI,0,0,0,0,Lunas (Lancar),0
2025-01-02 13:42:51,Honda,A/N SENDIRI,Pajak Tidak Aktif,2,4400000.0,0.0,0.4,0.4,IBU RUMAH TANGGA,1,0,0,0,Lunas (Lancar),0
2025-01-02 13:47:02,Honda,A/N ORANG LAIN,Pajak Tidak Aktif,7,1925000.0,0.0,0.35,0.35,TIDAK ISI,0,0,0,0,Lunas (Lancar),0
2025-01-02 13:49:37,Honda,A/N ORANG LAIN,Pajak Tidak Aktif,4,3905000.0,3550000.0,0.355,0.355,TIDAK ISI,0,591,1,1,NPL Berat > 90 Hari (DPD >90 / Bad Debt),1
2025-01-02 13:50:11,Honda,A/N SENDIRI,Pajak Tidak Aktif,8,2255000.0,0.0,0.41,0.41,TIDAK ISI,1,0,0,0,Lunas (Lancar),0
2025-01-02 13:50:22,Honda,A/N ORANG LAIN,Pajak Tidak Aktif,5,2915000.0,0.0,0.18,0.35333333333333333,TIDAK ISI,0,0,0,0,Lunas (Lancar),0
2025-01-02 13:52:15,Honda,A/N SENDIRI,Pajak Tidak Aktif,4,3740000.0,0.0,0.4,0.4,TIDAK ISI,1,0,0,0,Lunas (Lancar),0
2025-01-02 13:52:16,Honda,A/N SENDIRI,Pajak Tidak Aktif,8,2750000.0,0.0,0.5,0.5,KARYAWAN SWASTA,1,0,0,0,Lunas (Lancar),0
2025-01-02 13:52:24,Yamaha,A/N SENDIRI,Pajak Tidak Aktif,12,1155000.0,800000.0,0.42,0.42,TIDAK ISI,0,0,0,0,Tepat Waktu,0
2025-01-02 13:52:43,Yamaha,A/N ORANG LAIN,Pajak Tidak Aktif,11,935000.0,0.0,0.34,0.34,TIDAK ISI,0,0,0,0,Lunas (Lancar),0
2025-01-02 13:53:16,Honda,A/N SENDIRI,Pajak Tidak Aktif,4,2310000.0,0.0,0.28,0.28,TIDAK ISI,0,0,0,0,Lunas (Lancar),0
2025-01-02 13:54:32,Honda,A/N ORANG LAIN,Pajak Tidak Aktif,7,1265000.0,0.0,0.23,0.23,TIDAK ISI,1,0,0,0,Lunas (Lancar),0
2025-01-02 13:54:53,Honda,A/N ORANG LAIN,Pajak Tidak Aktif,3,2970000.0,0.0,0.18,0.36,TIDAK ISI,1,0,0,0,Lunas (Lancar),0
2025-01-02 13:55:09,Yamaha,A/N ORANG LAIN,Pajak Tidak Aktif,7,2915000.0,0.0,0.35333333333333333,0.35333333333333333,TIDAK ISI,0,0,0,0,Lunas (Lancar),0
2025-01-02 13:57:19,Honda,A/N SENDIRI,Pajak Tidak Aktif,7,3355000.0,0.0,0.4066666666666667,0.4066666666666667,TIDAK ISI,0,0,0,0,Lunas (Lancar),0
2025-01-02 13:59:44,Honda,A/N SENDIRI,Pajak Tidak Aktif,2,4400000.0,0.0,0.4,0.4,PNS,1,0,0,0,Lunas (Lancar),0
2025-01-02 14:02:49,Yamaha,A/N ORANG LAIN,Pajak Tidak Aktif,9,1925000.0,0.0,0.35,0.35,TIDAK ISI,1,0,0,0,Lunas (Lancar),0
2025-01-02 14:02:49,Honda,A/N SENDIRI,Pajak Tidak Aktif,3,2255000.0,0.0,0.2733333333333333,0.2733333333333333,TIDAK ISI,0,0,0,0,Lunas (Lancar),0
2025-01-02 14:03:27,Honda,A/N ORANG LAIN,Pajak Tidak Aktif,10,990000.0,0.0,0.24,0.36,KARYAWAN SWASTA,1,0,0,0,Lunas (Lancar),0
2025-01-02 14:03:56,Yamaha,A/N SENDIRI,Pajak Tidak Aktif,13,1155000.0,0.0,0.42,0.42,TIDAK ISI,0,0,0,0,Lunas (Lancar),0
2025-01-02 14:06:37,Yamaha,A/N SENDIRI,Pajak Tidak Aktif,5,2860000.0,0.0,0.26,0.26,TIDAK ISI,0,0,0,0,Lunas (Lancar),0
2025-01-02 14:07:19,Yamaha,A/N SENDIRI,Pajak Tidak Aktif,9,1155000.0,0.0,0.42,0.42,TIDAK ISI,1,0,0,0,Lunas (Lancar),0
2025-01-02 14:14:26,Honda,A/N ORANG LAIN,Pajak Tidak Aktif,9,990000.0,0.0,0.36,0.36,TIDAK ISI,0,0,0,0,Lunas (Lancar),0
2025-01-02 14:14:46,Yamaha,A/N ORANG LAIN,Pajak Tidak Aktif,11,990000.0,0.0,0.36,0.36,TIDAK ISI,1,0,0,0,Lunas (Lancar),0
2025-01-02 14:15:05,Honda,A/N SENDIRI,Pajak Tidak Aktif,7,2145000.0,0.0,0.26,0.26,KARYAWAN SWASTA,0,0,0,0,Lunas (Lancar),0
2025-01-02 14:22:06,Honda,A/N ORANG LAIN,Pajak Tidak Aktif,10,550000.0,0.0,0.2,0.2,TIDAK ISI,0,0,0,0,Lunas (Lancar),0
2025-01-02 14:24:46,Honda,A/N ORANG LAIN,Pajak Tidak Aktif,10,990000.0,0.0,0.36,0.36,LAINNYA,1,0,0,0,Lunas (Lancar),0
2025-01-02 14:25:34,Honda,A/N SENDIRI,Pajak Tidak Aktif,6,2200000.0,0.0,0.4,0.4,PELAJAR/MAHASISWA,0,0,0,0,Lunas (Lancar),0
2025-01-02 14:27:36,Honda,A/N ORANG LAIN,Pajak Tidak Aktif,11,1980000.0,0.0,0.36,0.36,TIDAK ISI,0,0,0,0,Lunas (Lancar),0
2025-01-02 14:31:21,Honda,A/N SENDIRI,Pajak Tidak Aktif,7,2860000.0,0.0,0.4,0.4,TIDAK ISI,0,0,0,0,Lunas (Lancar),0
2025-01-02 14:32:38,Honda,A/N ORANG LAIN,Pajak Tidak Aktif,11,1045000.0,0.0,0.38,0.38,TIDAK ISI,1,0,0,0,Lunas (Lancar),0
2025-01-02 14:32:40,Yamaha,A/N SENDIRI,Pajak Tidak Aktif,4,3300000.0,0.0,0.2,0.4,KARYAWAN SWASTA,0,0,0,0,Lunas (Lancar),0
2025-01-02 14:33:41,Honda,A/N SENDIRI,Pajak Tidak Aktif,4,3355000.0,0.0,0.4066666666666667,0.4066666666666667,TIDAK ISI,0,0,0,0,Lunas (Lancar),0
2025-01-02 14:35:08,Honda,A/N ORANG LAIN,Pajak Tidak Aktif,7,1925000.0,0.0,0.24,0.35,TIDAK ISI,1,0,0,0,Lunas (Lancar),0
2025-01-02 14:37:51,Honda,A/N ORANG LAIN,Pajak Tidak Aktif,2,3850000.0,0.0,0.35,0.35,TIDAK ISI,1,0,0,0,Lunas (Lancar),0
2025-01-02 14:38:44,Honda,A/N SENDIRI,Pajak Tidak Aktif,8,3355000.0,0.0,0.4066666666666667,0.4066666666666667,TIDAK ISI,0,0,0,0,Lunas (Lancar),0
2025-01-02 14:42:31,Honda,A/N SENDIRI,Pajak Tidak Aktif,7,2255000.0,0.0,0.41,0.41,TIDAK ISI,1,0,0,0,Lunas (Lancar),0
2025-01-02 14:43:32,Yamaha,A/N SENDIRI,Pajak Tidak Aktif,12,1100000.0,0.0,0.4,0.4,TIDAK ISI,0,0,0,0,Lunas (Lancar),0
2025-01-02 14:45:31,Yamaha,A/N ORANG LAIN,Pajak Tidak Aktif,9,990000.0,0.0,0.36,0.36,KARYAWAN SWASTA,0,0,0,0,Lunas (Lancar),0
2025-01-02 14:46:00,Honda,A/N ORANG LAIN,Pajak Tidak Aktif,10,1815000.0,1650000.0,0.36666666666666664,0.36666666666666664,TIDAK ISI,0,0,0,0,Tepat Waktu,0
2025-01-02 14:48:11,Kawasaki,A/N SENDIRI,Pajak Tidak Aktif,5,4455000.0,0.0,0.205,0.405,TIDAK ISI,1,0,0,0,Lunas (Lancar),0
2025-01-02 14:48:43,Honda,A/N ORANG LAIN,Pajak Tidak Aktif,12,990000.0,0.0,0.36,0.36,TIDAK ISI,0,0,0,0,Lunas (Lancar),0
2025-01-02 14:52:11,Honda,A/N ORANG LAIN,Pajak Tidak Aktif,10,1760000.0,0.0,0.3333333333333333,0.35555555555555557,TIDAK ISI,1,0,0,0,Lunas (Lancar),0
2025-01-02 14:53:17,Honda,A/N ORANG LAIN,Pajak Tidak Aktif,11,990000.0,0.0,0.36,0.36,IBU RUMAH TANGGA,0,0,0,0,Lunas (Lancar),0
2025-01-02 14:53:42,Honda,A/N SENDIRI,Pajak Tidak Aktif,5,3355000.0,0.0,0.3466666666666667,0.4066666666666667,TIDAK ISI,1,0,0,0,Lunas (Lancar),0
2025-01-02 14:53:53,Honda,A/N SENDIRI,Pajak Tidak Aktif,12,1100000.0,0.0,0.4,0.4,TIDAK ISI,1,0,0,0,Lunas (Lancar),0
2025-01-02 14:53:58,Yamaha,A/N ORANG LAIN,Pajak Tidak Aktif,13,1045000.0,950000.0,0.38,0.38,TIDAK ISI,0,226,1,1,NPL Berat > 90 Hari (DPD >90 / Bad Debt),1
2025-01-02 14:55:04,Yamaha,A/N SENDIRI,Pajak Tidak Aktif,4,3300000.0,0.0,0.4,0.4,KARYAWAN SWASTA,0,0,0,0,Lunas (Lancar),0
2025-01-02 14:56:57,Honda,A/N ORANG LAIN,Pajak Tidak Aktif,12,990000.0,0.0,0.36,0.36,TIDAK ISI,1,0,0,0,Lunas (Lancar),0
2025-01-02 14:59:51,Honda,A/N ORANG LAIN,Pajak Tidak Aktif,11,1045000.0,0.0,0.38,0.38,TIDAK ISI,0,0,0,0,Lunas (Lancar),0
2025-01-02 15:00:36,Kawasaki,A/N ORANG LAIN,Pajak Tidak Aktif,13,3850000.0,0.0,0.35,0.35,TIDAK ISI,0,0,0,0,Lunas (Lancar),0
2025-01-02 15:01:44,Honda,A/N SENDIRI,Pajak Tidak Aktif,7,1595000.0,0.0,0.2,0.29,TIDAK ISI,1,0,0,0,Lunas (Lancar),0
2025-01-02 15:04:24,Yamaha,A/N ORANG LAIN,Pajak Tidak Aktif,12,1980000.0,0.0,0.36,0.36,TIDAK ISI,0,0,0,0,Lunas (Lancar),0
2025-01-02 15:07:25,Honda,A/N ORANG LAIN,Pajak Tidak Aktif,8,1925000.0,0.0,0.35,0.35,TIDAK ISI,1,0,0,0,Lunas (Lancar),0
2025-01-02 15:10:05,Honda,A/N ORANG LAIN,Pajak Tidak Aktif,2,2970000.0,0.0,0.36,0.36,TIDAK ISI,0,0,0,0,Lunas (Lancar),0
2025-01-02 15:11:41,Honda,A/N ORANG LAIN,Pajak Tidak Aktif,10,2475000.0,0.0,0.45,0.45,KARYAWAN SWASTA,0,0,0,0,Lunas (Lancar),0
2025-01-02 15:11:59,Honda,A/N ORANG LAIN,Pajak Tidak Aktif,8,2970000.0,0.0,0.36,0.36,TIDAK ISI,0,0,0,0,Lunas (Lancar),0
2025-01-02 15:12:50,Honda,A/N SENDIRI,Pajak Tidak Aktif,3,3300000.0,0.0,0.3333333333333333,0.4,TIDAK ISI,1,0,0,0,Lunas (Lancar),0
2025-01-02 15:14:31,Honda,A/N ORANG LAIN,Pajak Tidak Aktif,5,3850000.0,0.0,0.35,0.35,TIDAK ISI,0,0,0,0,Lunas (Lancar),0
2025-01-02 15:15:27,Honda,A/N ORANG LAIN,Pajak Tidak Aktif,10,1045000.0,0.0,0.38,0.38,TIDAK ISI,0,0,0,0,Lunas (Lancar),0
2025-01-02 15:16:33,Yamaha,A/N ORANG LAIN,Pajak Tidak Aktif,13,2475000.0,0.0,0.23,0.45,KARYAWAN SWASTA,0,0,0,0,Lunas (Lancar),0
2025-01-02 15:18:17,Honda,A/N ORANG LAIN,Pajak Tidak Aktif,8,1650000.0,0.0,0.23076923076923078,0.23076923076923078,TIDAK ISI,0,0,0,0,Lunas (Lancar),0
2025-01-02 15:20:02,Yamaha,A/N ORANG LAIN,Pajak Tidak Aktif,10,1925000.0,0.0,0.35,0.35,TIDAK ISI,0,0,0,0,Lunas (Lancar),0
2025-01-02 15:20:44,Honda,A/N SENDIRI,Pajak Tidak Aktif,3,3355000.0,0.0,0.4,0.4066666666666667,TIDAK ISI,1,0,0,0,Lunas (Lancar),0
2025-01-02 15:21:54,Honda,A/N ORANG LAIN,Pajak Tidak Aktif,5,2970000.0,0.0,0.18666666666666668,0.36,TIDAK ISI,0,0,0,0,Lunas (Lancar),0
2025-01-02 15:23:14,Yamaha,A/N SENDIRI,Pajak Tidak Aktif,2,3355000.0,0.0,0.4066666666666667,0.4066666666666667,TIDAK ISI,1,0,0,0,Lunas (Lancar),0
2025-01-02 15:24:59,Yamaha,A/N ORANG LAIN,Pajak Tidak Aktif,2,3850000.0,0.0,0.35,0.35,TIDAK ISI,0,0,0,0,Lunas (Lancar),0
2025-01-02 15:25:58,Yamaha,A/N ORANG LAIN,Pajak Tidak Aktif,8,1100000.0,0.0,0.2,0.2,KARYAWAN SWASTA,0,0,0,0,Lunas (Lancar),0
2025-01-02 15:28:25,Honda,A/N SENDIRI,Pajak Tidak Aktif,7,2200000.0,0.0,0.2,0.4,TIDAK ISI,0,0,0,0,Lunas (Lancar),0
2025-01-02 15:28:47,Honda,A/N ORANG LAIN,Pajak Tidak Aktif,12,1320000.0,1200000.0,0.24,0.24,TIDAK ISI,0,137,1,1,NPL Berat > 90 Hari (DPD >90 / Bad Debt),1
2025-01-02 15:31:45,Honda,A/N ORANG LAIN,Pajak Tidak Aktif,3,3850000.0,0.0,0.35,0.35,TIDAK ISI,0,0,0,0,Lunas (Lancar),0
2025-01-02 15:31:50,Honda,A/N SENDIRI,Pajak Tidak Aktif,6,2255000.0,0.0,0.4,0.41,TIDAK ISI,0,0,0,0,Lunas (Lancar),0
2025-01-02 15:32:58,Honda,A/N ORANG LAIN,Pajak Tidak Aktif,7,1980000.0,0.0,0.36,0.36,TIDAK ISI,1,0,0,0,Lunas (Lancar),0
2025-01-02 15:33:56,Honda,A/N ORANG LAIN,Pajak Tidak Aktif,12,1045000.0,950000.0,0.38,0.38,TIDAK ISI,0,0,0,0,Tepat Waktu,0
2025-01-02 15:34:00,Honda,A/N SENDIRI,Pajak Tidak Aktif,4,3355000.0,0.0,0.4,0.4066666666666667,TIDAK ISI,1,0,0,0,Lunas (Lancar),0
2025-01-02 15:35:02,Honda,A/N SENDIRI,Pajak Tidak Aktif,9,770000.0,0.0,0.28,0.28,KARYAWAN SWASTA,0,0,0,0,Lunas (Lancar),0
2025-01-02 15:36:26,Honda,A/N SENDIRI,Pajak Tidak Aktif,8,2255000.0,0.0,0.41,0.41,TIDAK ISI,1,0,0,0,Lunas (Lancar),0
2025-01-02 15:37:25,Yamaha,A/N SENDIRI,Pajak Tidak Aktif,3,3300000.0,0.0,0.4,0.4,TIDAK ISI,1,0,0,0,Lunas (Lancar),0
2025-01-02 15:41:36,Honda,A/N ORANG LAIN,Pajak Tidak Aktif,7,1925000.0,0.0,0.35,0.35,PELAJAR/MAHASISWA,0,0,0,0,Lunas (Lancar),0
2025-01-02 15:43:36,Honda,A/N ORANG LAIN,Pajak Tidak Aktif,8,2585000.0,0.0,0.36153846153846153,0.36153846153846153,TIDAK ISI,0,0,0,0,Lunas (Lancar),0
2025-01-02 15:44:20,Honda,A/N SENDIRI,Pajak Tidak Aktif,4,4125000.0,0.0,0.5,0.5,IBU RUMAH TANGGA,0,0,0,0,Lunas (Lancar),0
2025-01-02 15:44:47,Yamaha,A/N SENDIRI,Pajak Tidak Aktif,11,1100000.0,0.0,0.4,0.4,KARYAWAN SWASTA,0,0,0,0,Lunas (Lancar),0
2025-01-02 15:45:33,Honda,A/N SENDIRI,Pajak Tidak Aktif,7,2915000.0,0.0,0.4076923076923077,0.4076923076923077,TIDAK ISI,0,0,0,0,Lunas (Lancar),0
2025-01-02 15:47:26,Yamaha,A/N ORANG LAIN,Pajak Tidak Aktif,8,1925000.0,0.0,0.35,0.35,PELAJAR/MAHASISWA,0,0,0,0,Lunas (Lancar),0
2025-01-02 15:48:44,Yamaha,A/N ORANG LAIN,Pajak Tidak Aktif,10,1100000.0,1000000.0,0.2,0.2,TIDAK ISI,0,591,1,1,NPL Berat > 90 Hari (DPD >90 / Bad Debt),1
2025-01-02 15:49:03,Honda,A/N ORANG LAIN,Pajak Tidak Aktif,6,1925000.0,0.0,0.35,0.35,TIDAK ISI,1,0,0,0,Lunas (Lancar),0
2025-01-02 15:50:27,Honda,A/N SENDIRI,Pajak Tidak Aktif,2,3300000.0,0.0,0.2,0.4,TIDAK ISI,0,0,0,0,Lunas (Lancar),0
2025-01-02 15:51:52,Honda,A/N SENDIRI,Pajak Tidak Aktif,7,3300000.0,1150000.0,0.26666666666666666,0.4,IBU RUMAH TANGGA,0,0,0,0,Tepat Waktu,0
2025-01-02 15:57:43,Yamaha,A/N ORANG LAIN,Pajak Tidak Aktif,10,1925000.0,0.0,0.35,0.35,KARYAWAN SWASTA,1,0,0,0,Lunas (Lancar),0
2025-01-02 15:59:16,Yamaha,A/N ORANG LAIN,Pajak Tidak Aktif,12,1925000.0,0.0,0.35,0.35,BELUM/TIDAK BEKERJA,0,0,0,0,Lunas (Lancar),0
2025-01-02 15:59:35,Honda,A/N ORANG LAIN,Pajak Tidak Aktif,4,2915000.0,0.0,0.35333333333333333,0.35333333333333333,TIDAK ISI,1,0,0,0,Lunas (Lancar),0
2025-01-02 16:02:34,Honda,A/N ORANG LAIN,Pajak Tidak Aktif,11,1265000.0,0.0,0.46,0.46,IBU RUMAH TANGGA,0,0,0,0,Lunas (Lancar),0
2025-01-02 16:04:17,Honda,A/N ORANG LAIN,Pajak Tidak Aktif,8,1925000.0,0.0,0.35,0.35,TIDAK ISI,0,0,0,0,Lunas (Lancar),0
2025-01-02 16:06:40,Honda,A/N ORANG LAIN,Pajak Tidak Aktif,11,1980000.0,0.0,0.2,0.36,TIDAK ISI,1,0,0,0,Lunas (Lancar),0
2025-01-02 16:15:23,Honda,A/N SENDIRI,Pajak Tidak Aktif,2,3355000.0,3050000.0,0.4066666666666667,0.4066666666666667,TIDAK ISI,1,591,0,0,NPL Berat > 90 Hari (DPD >90 / Bad Debt),0
2025-01-02 16:16:34,Honda,A/N SENDIRI,Pajak Tidak Aktif,2,3355000.0,0.0,0.4066666666666667,0.4066666666666667,TIDAK ISI,1,0,0,0,Lunas (Lancar),0
2025-01-02 16:16:56,Honda,A/N SENDIRI,Pajak Tidak Aktif,2,4125000.0,0.0,0.4,0.5,PELAJAR/MAHASISWA,1,0,0,0,Lunas (Lancar),0
2025-01-02 16:17:15,Honda,A/N ORANG LAIN,Pajak Tidak Aktif,13,990000.0,0.0,0.36,0.36,TIDAK ISI,0,0,0,0,Lunas (Lancar),0
2025-01-02 16:19:11,Yamaha,A/N ORANG LAIN,Pajak Tidak Aktif,12,990000.0,0.0,0.36,0.36,TIDAK ISI,0,0,0,0,Lunas (Lancar),0
2025-01-02 16:19:13,Honda,A/N SENDIRI,Pajak Tidak Aktif,5,4400000.0,0.0,0.25,0.4,TIDAK ISI,0,0,0,0,Lunas (Lancar),0
2025-01-02 16:19:21,Yamaha,A/N ORANG LAIN,Pajak Tidak Aktif,5,3905000.0,0.0,0.355,0.355,TIDAK ISI,0,0,0,0,Lunas (Lancar),0
2025-01-02 16:22:17,Honda,A/N ORANG LAIN,Pajak Tidak Aktif,5,2915000.0,0.0,0.35333333333333333,0.35333333333333333,TIDAK ISI,1,0,0,0,Lunas (Lancar),0
2025-01-02 16:26:21,Honda,A/N ORANG LAIN,Pajak Tidak Aktif,7,1980000.0,0.0,0.36,0.36,TIDAK ISI,0,0,0,0,Lunas (Lancar),0
2025-01-02 16:27:15,Honda,A/N ORANG LAIN,Pajak Tidak Aktif,10,990000.0,0.0,0.36,0.36,KARYAWAN SWASTA,0,0,0,0,Lunas (Lancar),0
2025-01-02 16:32:20,Honda,A/N SENDIRI,Pajak Tidak Aktif,3,3355000.0,0.0,0.20666666666666667,0.4066666666666667,TIDAK ISI,0,0,0,0,Lunas (Lancar),0
2025-01-02 16:36:55,Honda,A/N ORANG LAIN,Pajak Tidak Aktif,7,2915000.0,0.0,0.26666666666666666,0.35333333333333333,TIDAK ISI,0,0,0,0,Lunas (Lancar),0
2025-01-02 16:37:59,Honda,A/N ORANG LAIN,Pajak Tidak Aktif,12,990000.0,0.0,0.36,0.36,TIDAK ISI,1,0,0,0,Lunas (Lancar),0
2025-01-02 16:40:00,Yamaha,A/N ORANG LAIN,Pajak Tidak Aktif,11,990000.0,0.0,0.36,0.36,GURU,1,0,0,0,Lunas (Lancar),0
2025-01-02 16:44:13,Yamaha,A/N ORANG LAIN,Pajak Tidak Aktif,6,2915000.0,0.0,0.18,0.35333333333333333,TIDAK ISI,0,0,0,0,Lunas (Lancar),0
2025-01-02 16:45:03,Yamaha,A/N ORANG LAIN,Pajak Tidak Aktif,7,1980000.0,1800000.0,0.36,0.36,TIDAK ISI,0,76,1,0,NPL Transisi 31-90 Hari (DPD 31-90),1
2025-01-02 16:46:32,Honda,A/N SENDIRI,Pajak Tidak Aktif,12,1155000.0,0.0,0.42,0.42,TIDAK ISI,1,0,0,0,Lunas (Lancar),0
2025-01-02 16:46:38,Honda,A/N ORANG LAIN,Pajak Tidak Aktif,9,1760000.0,0.0,0.35555555555555557,0.35555555555555557,IBU RUMAH TANGGA,0,0,0,0,Lunas (Lancar),0
2025-01-02 16:47:04,Honda,A/N ORANG LAIN,Pajak Tidak Aktif,10,1045000.0,0.0,0.38,0.38,TIDAK ISI,0,0,0,0,Lunas (Lancar),0
2025-01-02 16:47:20,Honda,A/N ORANG LAIN,Pajak Tidak Aktif,7,1925000.0,0.0,0.35,0.35,KARYAWAN SWASTA,0,0,0,0,Lunas (Lancar),0
2025-01-02 16:47:34,Honda,A/N ORANG LAIN,Pajak Tidak Aktif,11,605000.0,0.0,0.22,0.22,TIDAK ISI,0,0,0,0,Lunas (Lancar),0
2025-01-02 16:49:23,Yamaha,A/N SENDIRI,Pajak Tidak Aktif,7,3300000.0,0.0,0.24,0.4,TIDAK ISI,0,0,0,0,Lunas (Lancar),0
2025-01-02 16:51:19,Honda,A/N ORANG LAIN,Pajak Tidak Aktif,4,2970000.0,0.0,0.35333333333333333,0.36,TIDAK ISI,0,0,0,0,Lunas (Lancar),0
2025-01-02 16:51:26,Yamaha,A/N ORANG LAIN,Pajak Tidak Aktif,13,1980000.0,0.0,0.18,0.36,TIDAK ISI,0,0,0,0,Lunas (Lancar),0
2025-01-02 16:52:57,Honda,A/N SENDIRI,Pajak Tidak Aktif,8,1980000.0,0.0,0.27692307692307694,0.27692307692307694,TIDAK ISI,1,0,0,0,Lunas (Lancar),0
2025-01-02 16:56:58,Honda,A/N ORANG LAIN,Pajak Tidak Aktif,11,990000.0,0.0,0.36,0.36,IBU RUMAH TANGGA,0,0,0,0,Lunas (Lancar),0
2025-01-02 16:59:55,Honda,A/N SENDIRI,Pajak Tidak Aktif,5,3300000.0,0.0,0.4,0.4,TIDAK ISI,1,0,0,0,Lunas (Lancar),0
2025-01-02 17:04:05,Yamaha,A/N ORANG LAIN,Pajak Tidak Aktif,11,990000.0,0.0,0.18,0.36,TIDAK ISI,0,0,0,0,Lunas (Lancar),0
2025-01-02 17:06:33,Honda,A/N ORANG LAIN,Pajak Tidak Aktif,5,2970000.0,0.0,0.36,0.36,TIDAK ISI,0,0,0,0,Lunas (Lancar),0
2025-01-02 17:09:18,Kawasaki,A/N SENDIRI,Pajak Tidak Aktif,2,4400000.0,0.0,0.4,0.4,KARYAWAN SWASTA,1,0,0,0,Lunas (Lancar),0
2025-01-02 17:11:56,Honda,A/N SENDIRI,Pajak Tidak Aktif,8,2915000.0,0.0,0.4076923076923077,0.4076923076923077,TIDAK ISI,0,0,0,0,Lunas (Lancar),0
2025-01-02 17:12:24,Honda,A/N ORANG LAIN,Pajak Tidak Aktif,6,1925000.0,1000000.0,0.2,0.35,TIDAK ISI,0,0,0,0,Tepat Waktu,0
2025-01-02 17:12:41,Yamaha,A/N SENDIRI,Pajak Tidak Aktif,7,3355000.0,0.0,0.4,0.4066666666666667,TIDAK ISI,0,0,0,0,Lunas (Lancar),0
2025-01-02 17:13:34,Yamaha,A/N SENDIRI,Pajak Tidak Aktif,13,1595000.0,0.0,0.28,0.29,TIDAK ISI,0,0,0,0,Lunas (Lancar),0
2025-01-02 17:17:03,Honda,A/N SENDIRI,Pajak Tidak Aktif,3,3355000.0,3050000.0,0.4066666666666667,0.4066666666666667,TIDAK ISI,0,14,0,0,Keterlambatan 1-30 Hari (DPD 1-30),0
2025-01-02 17:20:29,Honda,A/N SENDIRI,Pajak Tidak Aktif,3,4455000.0,0.0,0.205,0.405,TIDAK ISI,0,0,0,0,Lunas (Lancar),0
2025-01-02 17:21:10,Honda,A/N ORANG LAIN,Pajak Tidak Aktif,7,2585000.0,0.0,0.36153846153846153,0.36153846153846153,TIDAK ISI,0,0,0,0,Lunas (Lancar),0
2025-01-02 17:21:57,Honda,A/N SENDIRI,Pajak Tidak Aktif,5,3355000.0,0.0,0.26666666666666666,0.4066666666666667,TIDAK ISI,0,0,0,0,Lunas (Lancar),0
2025-01-02 17:22:54,Honda,A/N ORANG LAIN,Pajak Tidak Aktif,5,2915000.0,0.0,0.35333333333333333,0.35333333333333333,TIDAK ISI,0,0,0,0,Lunas (Lancar),0
2025-01-02 17:23:32,Yamaha,A/N ORANG LAIN,Pajak Tidak Aktif,7,1980000.0,1800000.0,0.36,0.36,TIDAK ISI,0,591,1,1,NPL Berat > 90 Hari (DPD >90 / Bad Debt),1
2025-01-02 17:23:36,Honda,A/N SENDIRI,Pajak Tidak Aktif,4,4455000.0,0.0,0.34,0.405,TIDAK ISI,0,0,0,0,Lunas (Lancar),0
2025-01-02 17:23:47,Yamaha,A/N SENDIRI,Pajak Tidak Aktif,12,1100000.0,0.0,0.4,0.4,TIDAK ISI,1,0,0,0,Lunas (Lancar),0
2025-01-02 17:24:23,Honda,A/N ORANG LAIN,Pajak Tidak Aktif,10,1980000.0,0.0,0.36,0.36,TIDAK ISI,1,0,0,0,Lunas (Lancar),0
2025-01-02 17:25:09,Honda,A/N SENDIRI,Pajak Tidak Aktif,10,2255000.0,0.0,0.25,0.41,TIDAK ISI,1,0,0,0,Lunas (Lancar),0
2025-01-02 17:25:31,Honda,A/N ORANG LAIN,Pajak Tidak Aktif,9,1705000.0,0.0,0.34444444444444444,0.34444444444444444,TIDAK ISI,1,0,0,0,Lunas (Lancar),0
2025-01-02 17:25:56,Yamaha,A/N SENDIRI,Pajak Tidak Aktif,8,2255000.0,1050000.0,0.2733333333333333,0.2733333333333333,TIDAK ISI,0,0,0,0,Tepat Waktu,0
2025-01-02 17:26:40,Honda,A/N ORANG LAIN,Pajak Tidak Aktif,7,1925000.0,0.0,0.35,0.35,TIDAK ISI,0,0,0,0,Lunas (Lancar),0
2025-01-02 17:28:10,Honda,A/N SENDIRI,Pajak Tidak Aktif,7,2200000.0,0.0,0.2,0.4,TIDAK ISI,1,0,0,0,Lunas (Lancar),0
2025-01-02 17:28:16,Honda,A/N SENDIRI,Pajak Tidak Aktif,3,3300000.0,0.0,0.4,0.4,PELAJAR/MAHASISWA,1,0,0,0,Lunas (Lancar),0
2025-01-02 17:28:22,Honda,A/N SENDIRI,Pajak Tidak Aktif,5,3355000.0,0.0,0.24,0.4066666666666667,TIDAK ISI,0,0,0,0,Lunas (Lancar),0
2025-01-02 17:28:35,Honda,A/N SENDIRI,Pajak Tidak Aktif,8,3245000.0,0.0,0.3933333333333333,0.3933333333333333,TIDAK ISI,0,0,0,0,Lunas (Lancar),0
2025-01-02 17:29:44,Honda,A/N ORANG LAIN,Pajak Tidak Aktif,3,2915000.0,0.0,0.35333333333333333,0.35333333333333333,TIDAK ISI,1,0,0,0,Lunas (Lancar),0
2025-01-02 17:33:13,Honda,A/N ORANG LAIN,Pajak Tidak Aktif,10,605000.0,0.0,0.22,0.22,TIDAK ISI,0,0,0,0,Lunas (Lancar),0
2025-01-02 17:34:12,Honda,A/N ORANG LAIN,Pajak Tidak Aktif,4,1870000.0,1500000.0,0.17647058823529413,0.2,TIDAK ISI,0,226,1,1,NPL Berat > 90 Hari (DPD >90 / Bad Debt),1
2025-01-02 17:45:40,Honda,A/N ORANG LAIN,Pajak Tidak Aktif,8,2915000.0,0.0,0.35333333333333333,0.35333333333333333,TIDAK ISI,0,0,0,0,Lunas (Lancar),0
2025-01-02 17:47:06,Honda,A/N SENDIRI,Pajak Tidak Aktif,12,1155000.0,0.0,0.42,0.42,TIDAK ISI,1,0,0,0,Lunas (Lancar),0
2025-01-02 17:48:53,Honda,A/N ORANG LAIN,Pajak Tidak Aktif,2,3850000.0,0.0,0.175,0.35,TIDAK ISI,0,0,0,0,Lunas (Lancar),0
2025-01-02 17:49:04,Honda,A/N SENDIRI,Pajak Tidak Aktif,3,3300000.0,0.0,0.4,0.4,TIDAK ISI,1,0,0,0,Lunas (Lancar),0
2025-01-02 17:52:41,Honda,A/N SENDIRI,Pajak Tidak Aktif,3,3300000.0,0.0,0.4,0.4,TIDAK ISI,0,0,0,0,Lunas (Lancar),0
2025-01-02 17:53:40,Honda,A/N ORANG LAIN,Pajak Tidak Aktif,8,1980000.0,0.0,0.36,0.36,TIDAK ISI,1,0,0,0,Lunas (Lancar),0
2025-01-02 17:55:48,Honda,A/N SENDIRI,Pajak Tidak Aktif,5,3355000.0,0.0,0.20666666666666667,0.4066666666666667,TIDAK ISI,0,0,0,0,Lunas (Lancar),0
2025-01-02 17:56:26,Honda,A/N ORANG LAIN,Pajak Aktif,9,990000.0,0.0,0.36,0.36,TIDAK ISI,1,0,0,0,Lunas (Lancar),0
2025-01-02 17:57:47,Yamaha,A/N ORANG LAIN,Pajak Tidak Aktif,12,990000.0,900000.0,0.36,0.36,KARYAWAN SWASTA,0,471,1,1,NPL Berat > 90 Hari (DPD >90 / Bad Debt),1
2025-01-02 18:01:13,Honda,A/N ORANG LAIN,Pajak Tidak Aktif,9,1045000.0,0.0,0.36,0.38,TIDAK ISI,1,0,0,0,Lunas (Lancar),0
2025-01-02 18:02:00,Honda,A/N SENDIRI,Pajak Tidak Aktif,8,3575000.0,0.0,0.25384615384615383,0.5,KARYAWAN SWASTA,0,0,0,0,Lunas (Lancar),0
2025-01-02 18:03:31,Honda,A/N ORANG LAIN,Pajak Tidak Aktif,7,1980000.0,0.0,0.36,0.36,TIDAK ISI,0,0,0,0,Lunas (Lancar),0
2025-01-02 18:04:23,Honda,A/N SENDIRI,Pajak Tidak Aktif,10,2035000.0,0.0,0.4111111111111111,0.4111111111111111,TIDAK ISI,0,0,0,0,Lunas (Lancar),0
2025-01-02 18:05:55,Honda,A/N ORANG LAIN,Pajak Tidak Aktif,7,2585000.0,0.0,0.36153846153846153,0.36153846153846153,TIDAK ISI,1,0,0,0,Lunas (Lancar),0
2025-01-02 18:06:07,Honda,A/N SENDIRI,Pajak Tidak Aktif,7,2200000.0,1000000.0,0.2,0.4,TIDAK ISI,0,0,0,0,Tepat Waktu,0
2025-01-02 18:06:49,Honda,A/N ORANG LAIN,Pajak Tidak Aktif,4,3850000.0,0.0,0.2,0.35,IBU RUMAH TANGGA,1,0,0,0,Lunas (Lancar),0
2025-01-02 18:07:58,Honda,A/N SENDIRI,Pajak Tidak Aktif,3,4455000.0,2950000.0,0.405,0.405,TIDAK ISI,0,0,0,0,Tepat Waktu,0
2025-01-02 18:08:55,Honda,A/N ORANG LAIN,Pajak Tidak Aktif,3,3850000.0,0.0,0.35,0.35,TIDAK ISI,0,0,0,0,Lunas (Lancar),0
2025-01-02 18:09:26,Honda,A/N SENDIRI,Pajak Tidak Aktif,10,2035000.0,0.0,0.2222222222222222,0.4111111111111111,TIDAK ISI,1,0,0,0,Lunas (Lancar),0
2025-01-02 18:09:41,Honda,A/N SENDIRI,Pajak Tidak Aktif,11,1155000.0,0.0,0.4,0.42,TIDAK ISI,1,0,0,0,Lunas (Lancar),0
2025-01-02 18:11:44,Yamaha,A/N SENDIRI,Pajak Tidak Aktif,3,4455000.0,0.0,0.4,0.405,TIDAK ISI,0,0,0,0,Lunas (Lancar),0
2025-01-02 18:12:49,Honda,A/N SENDIRI,Pajak Tidak Aktif,6,3300000.0,0.0,0.2,0.4,TIDAK ISI,1,0,0,0,Lunas (Lancar),0
2025-01-02 18:13:23,Honda,A/N ORANG LAIN,Pajak Tidak Aktif,5,2915000.0,0.0,0.2,0.35333333333333333,KARYAWAN SWASTA,1,0,0,0,Lunas (Lancar),0
2025-01-02 18:14:25,Honda,A/N ORANG LAIN,Pajak Tidak Aktif,3,2970000.0,2700000.0,0.36,0.36,TIDAK ISI,0,591,1,1,NPL Berat > 90 Hari (DPD >90 / Bad Debt),1
2025-01-02 18:21:48,Honda,A/N ORANG LAIN,Pajak Aktif,2,3355000.0,3000000.0,0.35294117647058826,0.3588235294117647,TIDAK ISI,0,532,1,1,NPL Berat > 90 Hari (DPD >90 / Bad Debt),1
2025-01-02 18:26:59,Yamaha,A/N ORANG LAIN,Pajak Tidak Aktif,8,2970000.0,0.0,0.26666666666666666,0.36,TIDAK ISI,0,0,0,0,Lunas (Lancar),0
2025-01-02 18:27:22,Honda,A/N SENDIRI,Pajak Tidak Aktif,11,1100000.0,0.0,0.4,0.4,TIDAK ISI,1,0,0,0,Lunas (Lancar),0
2025-01-02 18:28:14,Honda,A/N SENDIRI,Pajak Tidak Aktif,11,1155000.0,0.0,0.28,0.42,TIDAK ISI,0,0,0,0,Lunas (Lancar),0
2025-01-02 18:30:29,Honda,A/N ORANG LAIN,Pajak Tidak Aktif,12,990000.0,0.0,0.36,0.36,KARYAWAN SWASTA,1,0,0,0,Lunas (Lancar),0
2025-01-02 18:31:03,Honda,A/N SENDIRI,Pajak Tidak Aktif,4,3300000.0,0.0,0.30666666666666664,0.4,TIDAK ISI,1,0,0,0,Lunas (Lancar),0
2025-01-02 18:31:11,Honda,A/N SENDIRI,Pajak Tidak Aktif,8,2035000.0,0.0,0.2846153846153846,0.2846153846153846,TIDAK ISI,0,0,0,0,Lunas (Lancar),0
2025-01-02 18:33:39,Honda,A/N SENDIRI,Pajak Tidak Aktif,3,4455000.0,0.0,0.35,0.405,TIDAK ISI,1,0,0,0,Lunas (Lancar),0
2025-01-02 18:34:41,Honda,A/N ORANG LAIN,Pajak Tidak Aktif,7,2970000.0,0.0,0.36,0.36,TIDAK ISI,0,0,0,0,Lunas (Lancar),0
2025-01-02 18:34:47,Yamaha,A/N ORANG LAIN,Pajak Tidak Aktif,12,935000.0,0.0,0.34,0.34,TIDAK ISI,0,0,0,0,Lunas (Lancar),0
2025-01-02 18:36:52,Honda,A/N ORANG LAIN,Pajak Tidak Aktif,8,1100000.0,0.0,0.2,0.2,PELAJAR/MAHASISWA,0,0,0,0,Lunas (Lancar),0
2025-01-02 18:39:58,Yamaha,A/N ORANG LAIN,Pajak Tidak Aktif,11,1100000.0,0.0,0.2,0.2,TIDAK ISI,0,0,0,0,Lunas (Lancar),0
2025-01-02 18:42:46,Honda,A/N SENDIRI,Pajak Tidak Aktif,4,4400000.0,0.0,0.2,0.4,PELAJAR/MAHASISWA,1,0,0,0,Lunas (Lancar),0
2025-01-02 18:46:03,Honda,A/N ORANG LAIN,Pajak Tidak Aktif,6,1870000.0,0.0,0.34,0.34,TIDAK ISI,0,0,0,0,Lunas (Lancar),0
2025-01-02 18:47:33,Honda,A/N SENDIRI,Pajak Tidak Aktif,7,2860000.0,0.0,0.4,0.4,TIDAK ISI,1,0,0,0,Lunas (Lancar),0
2025-01-02 18:50:04,Yamaha,A/N SENDIRI,Pajak Tidak Aktif,12,1100000.0,0.0,0.4,0.4,TIDAK ISI,1,0,0,0,Lunas (Lancar),0
2025-01-02 18:50:41,Honda,A/N ORANG LAIN,Pajak Tidak Aktif,2,3850000.0,0.0,0.35,0.35,KARYAWAN SWASTA,1,0,0,0,Lunas (Lancar),0
2025-01-02 18:54:42,Honda,A/N ORANG LAIN,Pajak Tidak Aktif,12,1045000.0,0.0,0.38,0.38,TIDAK ISI,0,0,0,0,Lunas (Lancar),0
2025-01-02 18:54:57,Yamaha,A/N SENDIRI,Pajak Tidak Aktif,11,1100000.0,0.0,0.4,0.4,TIDAK ISI,0,0,0,0,Lunas (Lancar),0
2025-01-02 19:03:05,Honda,A/N SENDIRI,Pajak Tidak Aktif,4,3300000.0,0.0,0.4,0.4,PELAJAR/MAHASISWA,1,0,0,0,Lunas (Lancar),0
2025-01-02 19:14:11,Honda,A/N SENDIRI,Pajak Tidak Aktif,5,3300000.0,0.0,0.2,0.4,TIDAK ISI,1,0,0,0,Lunas (Lancar),0
2025-01-02 19:14:44,Honda,A/N ORANG LAIN,Pajak Tidak Aktif,8,1925000.0,0.0,0.35,0.35,TIDAK ISI,0,0,0,0,Lunas (Lancar),0
2025-01-02 19:17:29,Honda,A/N SENDIRI,Pajak Tidak Aktif,4,3300000.0,0.0,0.4,0.4,TIDAK ISI,0,0,0,0,Lunas (Lancar),0
2025-01-02 19:20:07,Honda,A/N ORANG LAIN,Pajak Tidak Aktif,13,990000.0,900000.0,0.36,0.36,TIDAK ISI,0,532,1,1,NPL Berat > 90 Hari (DPD >90 / Bad Debt),1
2025-01-02 19:21:15,Yamaha,A/N ORANG LAIN,Pajak Tidak Aktif,12,990000.0,900000.0,0.36,0.36,TIDAK ISI,0,591,1,1,NPL Berat > 90 Hari (DPD >90 / Bad Debt),1
2025-01-02 19:23:32,Honda,A/N ORANG LAIN,Pajak Tidak Aktif,3,3355000.0,0.0,0.35294117647058826,0.3588235294117647,TIDAK ISI,0,0,0,0,Lunas (Lancar),0
2025-01-02 19:34:16,Honda,A/N ORANG LAIN,Pajak Tidak Aktif,9,990000.0,0.0,0.36,0.36,KARYAWAN SWASTA,0,0,0,0,Lunas (Lancar),0
2025-01-02 19:46:55,Yamaha,A/N ORANG LAIN,Pajak Tidak Aktif,7,1925000.0,0.0,0.35,0.35,KARYAWAN SWASTA,1,0,0,0,Lunas (Lancar),0
2025-01-02 19:50:20,Honda,A/N ORANG LAIN,Pajak Tidak Aktif,8,1925000.0,0.0,0.35,0.35,KARYAWAN SWASTA,0,0,0,0,Lunas (Lancar),0
2025-01-02 19:55:27,Honda,A/N ORANG LAIN,Pajak Tidak Aktif,6,2970000.0,0.0,0.2,0.36,TIDAK ISI,1,0,0,0,Lunas (Lancar),0
2025-01-02 20:08:38,Honda,A/N ORANG LAIN,Pajak Tidak Aktif,13,1045000.0,0.0,0.24,0.38,TIDAK ISI,0,0,0,0,Lunas (Lancar),0
2025-01-02 20:09:25,Honda,A/N SENDIRI,Pajak Tidak Aktif,4,4400000.0,0.0,0.4,0.4,TIDAK ISI,0,0,0,0,Lunas (Lancar),0
2025-01-02 20:11:43,Honda,A/N ORANG LAIN,Pajak Tidak Aktif,12,990000.0,0.0,0.36,0.36,TIDAK ISI,1,0,0,0,Lunas (Lancar),0
2025-01-02 20:11:52,Honda,A/N ORANG LAIN,Pajak Tidak Aktif,6,1925000.0,0.0,0.24,0.35,TIDAK ISI,1,0,0,0,Lunas (Lancar),0
2025-01-02 20:13:30,Honda,A/N SENDIRI,Pajak Tidak Aktif,5,3355000.0,0.0,0.4066666666666667,0.4066666666666667,TIDAK ISI,0,0,0,0,Lunas (Lancar),0
2025-01-02 20:14:48,Honda,A/N SENDIRI,Pajak Tidak Aktif,7,2860000.0,0.0,0.2,0.4,KARYAWAN SWASTA,0,0,0,0,Lunas (Lancar),0
2025-01-02 20:22:47,Honda,A/N SENDIRI,Pajak Tidak Aktif,7,2255000.0,0.0,0.4,0.41,TIDAK ISI,1,0,0,0,Lunas (Lancar),0
2025-01-02 20:25:39,Honda,A/N ORANG LAIN,Pajak Tidak Aktif,6,2970000.0,0.0,0.36,0.36,PELAJAR/MAHASISWA,1,0,0,0,Lunas (Lancar),0
2025-01-02 20:42:15,Honda,A/N SENDIRI,Pajak Tidak Aktif,3,4455000.0,0.0,0.205,0.405,TIDAK ISI,1,0,0,0,Lunas (Lancar),0
2025-01-02 20:44:50,Honda,A/N ORANG LAIN,Pajak Tidak Aktif,6,1320000.0,0.0,0.24,0.24,TIDAK ISI,0,0,0,0,Lunas (Lancar),0
2025-01-03 08:21:33,Honda,A/N SENDIRI,Pajak Tidak Aktif,7,2255000.0,2050000.0,0.41,0.41,TIDAK ISI,0,13,0,0,Keterlambatan 1-30 Hari (DPD 1-30),0
2025-01-03 08:23:56,Honda,A/N ORANG LAIN,Pajak Tidak Aktif,12,990000.0,0.0,0.36,0.36,PELAJAR/MAHASISWA,0,0,0,0,Lunas (Lancar),0
2025-01-03 08:25:13,Honda,A/N ORANG LAIN,Pajak Tidak Aktif,12,1045000.0,0.0,0.38,0.38,TIDAK ISI,0,0,0,0,Lunas (Lancar),0
2025-01-03 08:28:47,Honda,A/N SENDIRI,Pajak Tidak Aktif,4,3300000.0,0.0,0.4,0.4,TIDAK ISI,0,0,0,0,Lunas (Lancar),0
2025-01-03 08:32:03,Yamaha,A/N SENDIRI,Pajak Tidak Aktif,6,3300000.0,0.0,0.4,0.4,PELAJAR/MAHASISWA,1,0,0,0,Lunas (Lancar),0
2025-01-03 08:35:30,Honda,A/N SENDIRI,Pajak Tidak Aktif,5,3300000.0,0.0,0.4,0.4,TIDAK ISI,0,0,0,0,Lunas (Lancar),0
2025-01-03 08:38:41,Honda,A/N SENDIRI,Pajak Tidak Aktif,8,3355000.0,0.0,0.20666666666666667,0.4066666666666667,TIDAK ISI,1,0,0,0,Lunas (Lancar),0
2025-01-03 08:40:24,Honda,A/N SENDIRI,Pajak Tidak Aktif,2,4455000.0,0.0,0.405,0.405,TIDAK ISI,0,0,0,0,Lunas (Lancar),0
2025-01-03 08:47:14,Yamaha,A/N ORANG LAIN,Pajak Tidak Aktif,7,1980000.0,0.0,0.36,0.36,TIDAK ISI,0,0,0,0,Lunas (Lancar),0
2025-01-03 08:52:48,Honda,A/N ORANG LAIN,Pajak Tidak Aktif,5,2915000.0,0.0,0.35333333333333333,0.35333333333333333,TIDAK ISI,0,0,0,0,Lunas (Lancar),0
2025-01-03 08:56:51,Yamaha,A/N ORANG LAIN,Pajak Tidak Aktif,13,1045000.0,0.0,0.36,0.38,TIDAK ISI,0,0,0,0,Lunas (Lancar),0
2025-01-03 09:01:22,Yamaha,A/N ORANG LAIN,Pajak Tidak Aktif,5,3850000.0,0.0,0.25,0.35,KARYAWAN SWASTA,1,0,0,0,Lunas (Lancar),0
2025-01-03 09:04:31,Honda,A/N SENDIRI,Pajak Tidak Aktif,10,2035000.0,1350000.0,0.4111111111111111,0.4111111111111111,TIDAK ISI,0,0,0,0,Tepat Waktu,0
2025-01-03 09:06:28,Honda,A/N SENDIRI,Pajak Tidak Aktif,3,3355000.0,0.0,0.4,0.4066666666666667,TIDAK ISI,0,0,0,0,Lunas (Lancar),0
2025-01-03 09:06:42,Honda,A/N SENDIRI,Pajak Tidak Aktif,4,3300000.0,0.0,0.4,0.4,BURUH,0,0,0,0,Lunas (Lancar),0
2025-01-03 09:07:11,Honda,A/N SENDIRI,Pajak Tidak Aktif,5,4675000.0,0.0,0.4,0.5,KARYAWAN SWASTA,0,0,0,0,Lunas (Lancar),0
2025-01-03 09:09:58,Honda,A/N ORANG LAIN,Pajak Tidak Aktif,7,1980000.0,1800000.0,0.36,0.36,TIDAK ISI,0,0,0,0,Tepat Waktu,0
2025-01-03 09:10:07,Yamaha,A/N SENDIRI,Pajak Tidak Aktif,12,2750000.0,0.0,0.5,0.5,KARYAWAN SWASTA,0,0,0,0,Lunas (Lancar),0
2025-01-03 09:12:37,Yamaha,A/N SENDIRI,Pajak Tidak Aktif,9,2750000.0,0.0,0.4,0.5,KARYAWAN SWASTA,1,0,0,0,Lunas (Lancar),0
2025-01-03 09:13:42,Honda,A/N ORANG LAIN,Pajak Tidak Aktif,3,2915000.0,0.0,0.35333333333333333,0.35333333333333333,TIDAK ISI,0,0,0,0,Lunas (Lancar),0
2025-01-03 09:14:29,Honda,A/N ORANG LAIN,Pajak Tidak Aktif,13,990000.0,0.0,0.36,0.36,TIDAK ISI,1,0,0,0,Lunas (Lancar),0
2025-01-03 09:15:57,Yamaha,A/N SENDIRI,Pajak Tidak Aktif,12,1155000.0,0.0,0.22,0.42,TIDAK ISI,0,0,0,0,Lunas (Lancar),0
2025-01-03 09:16:36,Yamaha,A/N SENDIRI,Pajak Tidak Aktif,12,1100000.0,250000.0,0.2,0.4,TIDAK ISI,0,0,0,0,Tepat Waktu,0
2025-01-03 09:18:54,Honda,A/N SENDIRI,Pajak Tidak Aktif,13,770000.0,0.0,0.28,0.28,LAINNYA,0,0,0,0,Lunas (Lancar),0
2025-01-03 09:19:25,Honda,A/N SENDIRI,Pajak Tidak Aktif,5,3300000.0,0.0,0.4,0.4,TIDAK ISI,0,0,0,0,Lunas (Lancar),0
2025-01-03 09:20:59,Yamaha,A/N ORANG LAIN,Pajak Tidak Aktif,13,990000.0,0.0,0.36,0.36,TIDAK ISI,0,0,0,0,Lunas (Lancar),0
2025-01-03 09:22:42,Yamaha,A/N SENDIRI,Pajak Tidak Aktif,2,4455000.0,0.0,0.405,0.405,TIDAK ISI,1,0,0,0,Lunas (Lancar),0
2025-01-03 09:23:41,Honda,A/N SENDIRI,Pajak Tidak Aktif,12,1100000.0,0.0,0.4,0.4,IBU RUMAH TANGGA,0,0,0,0,Lunas (Lancar),0
2025-01-03 09:24:45,Honda,A/N SENDIRI,Pajak Tidak Aktif,8,2200000.0,0.0,0.2,0.4,IBU RUMAH TANGGA,1,0,0,0,Lunas (Lancar),0
2025-01-03 09:25:32,Honda,A/N ORANG LAIN,Pajak Tidak Aktif,5,2805000.0,0.0,0.34,0.34,TIDAK ISI,1,0,0,0,Lunas (Lancar),0
2025-01-03 09:26:02,Honda,A/N SENDIRI,Pajak Tidak Aktif,4,4400000.0,0.0,0.4,0.4,KARYAWAN SWASTA,0,0,0,0,Lunas (Lancar),0
2025-01-03 09:27:01,Honda,A/N SENDIRI,Pajak Tidak Aktif,9,1980000.0,0.0,0.4,0.4,KARYAWAN SWASTA,0,0,0,0,Lunas (Lancar),0
2025-01-03 09:27:28,Honda,A/N ORANG LAIN,Pajak Tidak Aktif,2,2915000.0,0.0,0.35333333333333333,0.35333333333333333,TIDAK ISI,0,0,0,0,Lunas (Lancar),0
2025-01-03 09:30:34,Yamaha,A/N ORANG LAIN,Pajak Tidak Aktif,3,2970000.0,0.0,0.36,0.36,TIDAK ISI,0,0,0,0,Lunas (Lancar),0
2025-01-03 09:32:01,Honda,A/N ORANG LAIN,Pajak Tidak Aktif,9,1650000.0,0.0,0.3333333333333333,0.3333333333333333,KARYAWAN SWASTA,0,0,0,0,Lunas (Lancar),0
2025-01-03 09:32:27,Honda,A/N ORANG LAIN,Pajak Tidak Aktif,8,2585000.0,0.0,0.36153846153846153,0.36153846153846153,TIDAK ISI,1,0,0,0,Lunas (Lancar),0
2025-01-03 09:33:10,Yamaha,A/N ORANG LAIN,Pajak Tidak Aktif,5,3905000.0,0.0,0.355,0.355,TIDAK ISI,1,0,0,0,Lunas (Lancar),0
2025-01-03 09:34:18,Honda,A/N ORANG LAIN,Pajak Tidak Aktif,6,1980000.0,1800000.0,0.36,0.36,TIDAK ISI,0,0,0,0,Tepat Waktu,0
2025-01-03 09:36:23,Honda,A/N SENDIRI,Pajak Tidak Aktif,3,2255000.0,0.0,0.2733333333333333,0.2733333333333333,KARYAWAN SWASTA,1,0,0,0,Lunas (Lancar),0
2025-01-03 09:36:40,Honda,A/N ORANG LAIN,Pajak Tidak Aktif,12,990000.0,0.0,0.2,0.36,KARYAWAN SWASTA,0,0,0,0,Lunas (Lancar),0
2025-01-03 09:36:57,Honda,A/N ORANG LAIN,Pajak Tidak Aktif,8,1925000.0,0.0,0.35,0.35,TIDAK ISI,1,0,0,0,Lunas (Lancar),0
2025-01-03 09:37:49,Honda,A/N SENDIRI,Pajak Tidak Aktif,9,825000.0,0.0,0.3,0.3,TIDAK ISI,1,0,0,0,Lunas (Lancar),0
2025-01-03 09:38:09,Honda,A/N SENDIRI,Pajak Tidak Aktif,4,3355000.0,3050000.0,0.4066666666666667,0.4066666666666667,TIDAK ISI,0,590,1,1,NPL Berat > 90 Hari (DPD >90 / Bad Debt),1
2025-01-03 09:39:26,Honda,A/N ORANG LAIN,Pajak Tidak Aktif,11,1045000.0,0.0,0.38,0.38,TIDAK ISI,0,0,0,0,Lunas (Lancar),0
2025-01-03 09:40:05,Honda,A/N SENDIRI,Pajak Tidak Aktif,4,3355000.0,0.0,0.26666666666666666,0.4066666666666667,TIDAK ISI,1,0,0,0,Lunas (Lancar),0
2025-01-03 09:51:23,Honda,A/N ORANG LAIN,Pajak Tidak Aktif,11,935000.0,0.0,0.34,0.34,PELAJAR/MAHASISWA,1,0,0,0,Lunas (Lancar),0
2025-01-03 09:52:38,Honda,A/N SENDIRI,Pajak Tidak Aktif,4,4400000.0,0.0,0.4,0.4,TIDAK ISI,0,0,0,0,Lunas (Lancar),0
2025-01-03 09:53:17,Honda,A/N ORANG LAIN,Pajak Tidak Aktif,10,1045000.0,0.0,0.38,0.38,TIDAK ISI,0,0,0,0,Lunas (Lancar),0
2025-01-03 09:55:31,Yamaha,A/N ORANG LAIN,Pajak Tidak Aktif,3,3850000.0,0.0,0.25,0.35,KARYAWAN SWASTA,0,0,0,0,Lunas (Lancar),0
2025-01-03 09:56:55,Honda,A/N ORANG LAIN,Pajak Tidak Aktif,7,1980000.0,0.0,0.36,0.36,TIDAK ISI,0,0,0,0,Lunas (Lancar),0
2025-01-03 09:57:31,Honda,A/N ORANG LAIN,Pajak Tidak Aktif,10,990000.0,0.0,0.36,0.36,TIDAK ISI,1,0,0,0,Lunas (Lancar),0
2025-01-03 09:59:00,Honda,A/N ORANG LAIN,Pajak Tidak Aktif,11,1045000.0,0.0,0.38,0.38,TIDAK ISI,0,0,0,0,Lunas (Lancar),0
2025-01-03 10:01:38,Honda,A/N SENDIRI,Pajak Tidak Aktif,10,2035000.0,0.0,0.4,0.4111111111111111,TIDAK ISI,1,0,0,0,Lunas (Lancar),0
2025-01-03 10:02:24,Yamaha,A/N ORANG LAIN,Pajak Tidak Aktif,10,1980000.0,0.0,0.36,0.36,TIDAK ISI,1,0,0,0,Lunas (Lancar),0
2025-01-03 10:03:26,Honda,A/N SENDIRI,Pajak Tidak Aktif,3,4455000.0,0.0,0.4,0.405,TIDAK ISI,0,0,0,0,Lunas (Lancar),0
2025-01-03 10:03:35,Honda,A/N SENDIRI,Pajak Tidak Aktif,2,3300000.0,0.0,0.26666666666666666,0.4,KARYAWAN SWASTA,1,0,0,0,Lunas (Lancar),0
2025-01-03 10:06:13,Honda,A/N SENDIRI,Pajak Tidak Aktif,4,3025000.0,2750000.0,0.275,0.275,TIDAK ISI,0,562,1,1,NPL Berat > 90 Hari (DPD >90 / Bad Debt),1
2025-01-03 10:06:21,Honda,A/N SENDIRI,Pajak Tidak Aktif,2,3355000.0,0.0,0.4066666666666667,0.4066666666666667,TIDAK ISI,0,0,0,0,Lunas (Lancar),0
2025-01-03 10:06:30,Yamaha,A/N SENDIRI,Pajak Tidak Aktif,3,3025000.0,0.0,0.275,0.275,TIDAK ISI,0,0,0,0,Lunas (Lancar),0
2025-01-03 10:07:20,Honda,A/N ORANG LAIN,Pajak Tidak Aktif,8,2915000.0,0.0,0.35333333333333333,0.35333333333333333,TIDAK ISI,0,0,0,0,Lunas (Lancar),0
2025-01-03 10:07:23,Yamaha,A/N SENDIRI,Pajak Tidak Aktif,8,2200000.0,0.0,0.4,0.4,TIDAK ISI,0,0,0,0,Lunas (Lancar),0
2025-01-03 10:07:47,Yamaha,A/N SENDIRI,Pajak Tidak Aktif,5,4455000.0,0.0,0.405,0.405,TIDAK ISI,0,0,0,0,Lunas (Lancar),0
2025-01-03 10:09:38,Yamaha,A/N SENDIRI,Pajak Tidak Aktif,8,2200000.0,0.0,0.4,0.4,TIDAK ISI,1,0,0,0,Lunas (Lancar),0
2025-01-03 10:09:46,Honda,A/N ORANG LAIN,Pajak Tidak Aktif,11,1320000.0,0.0,0.23,0.24,TIDAK ISI,1,0,0,0,Lunas (Lancar),0
2025-01-03 10:10:04,Yamaha,A/N SENDIRI,Pajak Tidak Aktif,4,3355000.0,0.0,0.4066666666666667,0.4066666666666667,TIDAK ISI,0,0,0,0,Lunas (Lancar),0
2025-01-03 10:11:38,Honda,A/N SENDIRI,Pajak Tidak Aktif,2,3355000.0,0.0,0.3333333333333333,0.4066666666666667,TIDAK ISI,0,0,0,0,Lunas (Lancar),0
2025-01-03 10:12:25,Honda,A/N SENDIRI,Pajak Tidak Aktif,12,2255000.0,0.0,0.4,0.41,TIDAK ISI,0,0,0,0,Lunas (Lancar),0
2025-01-03 10:16:50,Honda,A/N ORANG LAIN,Pajak Tidak Aktif,5,2970000.0,800000.0,0.26666666666666666,0.36,TIDAK ISI,0,0,0,0,Tepat Waktu,0
2025-01-03 10:19:08,Yamaha,A/N SENDIRI,Pajak Tidak Aktif,7,3300000.0,0.0,0.4,0.4,TIDAK ISI,1,0,0,0,Lunas (Lancar),0
2025-01-03 10:19:55,Honda,A/N SENDIRI,Pajak Tidak Aktif,4,2255000.0,0.0,0.2733333333333333,0.2733333333333333,BELUM/TIDAK BEKERJA,1,0,0,0,Lunas (Lancar),0
2025-01-03 10:19:55,Honda,A/N SENDIRI,Pajak Tidak Aktif,8,2200000.0,0.0,0.4,0.4,TIDAK ISI,0,0,0,0,Lunas (Lancar),0
2025-01-03 10:20:11,Kawasaki,A/N SENDIRI,Pajak Tidak Aktif,7,3300000.0,0.0,0.4,0.4,KARYAWAN SWASTA,0,0,0,0,Lunas (Lancar),0
2025-01-03 10:21:22,Yamaha,A/N ORANG LAIN,Pajak Tidak Aktif,11,990000.0,0.0,0.36,0.36,TIDAK ISI,0,0,0,0,Lunas (Lancar),0
2025-01-03 10:24:10,Honda,A/N ORANG LAIN,Pajak Tidak Aktif,9,2255000.0,0.0,0.45555555555555555,0.45555555555555555,KARYAWAN SWASTA,0,0,0,0,Lunas (Lancar),0
2025-01-03 10:26:04,Honda,A/N ORANG LAIN,Pajak Tidak Aktif,5,2915000.0,0.0,0.35333333333333333,0.35333333333333333,TIDAK ISI,1,0,0,0,Lunas (Lancar),0
2025-01-03 10:26:05,Yamaha,A/N ORANG LAIN,Pajak Tidak Aktif,4,2970000.0,0.0,0.18,0.36,TIDAK ISI,0,0,0,0,Lunas (Lancar),0
2025-01-03 10:27:23,Honda,A/N ORANG LAIN,Pajak Tidak Aktif,7,2915000.0,0.0,0.35333333333333333,0.35333333333333333,GURU,1,0,0,0,Lunas (Lancar),0
2025-01-03 10:28:19,Honda,A/N SENDIRI,Pajak Tidak Aktif,2,3795000.0,0.0,0.20588235294117646,0.40588235294117647,TIDAK ISI,0,0,0,0,Lunas (Lancar),0
2025-01-03 10:29:52,Honda,A/N ORANG LAIN,Pajak Tidak Aktif,11,1045000.0,0.0,0.38,0.38,TIDAK ISI,0,0,0,0,Lunas (Lancar),0
2025-01-03 10:31:38,Honda,A/N ORANG LAIN,Pajak Tidak Aktif,5,3300000.0,1150000.0,0.35294117647058826,0.35294117647058826,TIDAK ISI,0,0,0,0,Tepat Waktu,0
2025-01-03 10:32:34,Honda,A/N ORANG LAIN,Pajak Tidak Aktif,8,1925000.0,0.0,0.35,0.35,IBU RUMAH TANGGA,0,0,0,0,Lunas (Lancar),0
2025-01-03 10:33:17,Honda,A/N ORANG LAIN,Pajak Tidak Aktif,6,2585000.0,0.0,0.36153846153846153,0.36153846153846153,TIDAK ISI,1,0,0,0,Lunas (Lancar),0
2025-01-03 10:34:04,Yamaha,A/N SENDIRI,Pajak Tidak Aktif,4,4455000.0,0.0,0.25,0.405,TIDAK ISI,0,0,0,0,Lunas (Lancar),0
2025-01-03 10:35:41,Honda,A/N ORANG LAIN,Pajak Tidak Aktif,3,2915000.0,0.0,0.35333333333333333,0.35333333333333333,TIDAK ISI,0,0,0,0,Lunas (Lancar),0
2025-01-03 10:35:52,Honda,A/N ORANG LAIN,Pajak Tidak Aktif,9,1980000.0,0.0,0.36,0.36,TIDAK ISI,1,0,0,0,Lunas (Lancar),0
2025-01-03 10:36:27,Honda,A/N ORANG LAIN,Pajak Tidak Aktif,7,1925000.0,1750000.0,0.35,0.35,KARYAWAN SWASTA,0,13,0,0,Keterlambatan 1-30 Hari (DPD 1-30),0
2025-01-03 10:38:53,Honda,A/N ORANG LAIN,Pajak Tidak Aktif,2,3905000.0,0.0,0.355,0.355,TIDAK ISI,0,0,0,0,Lunas (Lancar),0
2025-01-03 10:38:56,Yamaha,A/N ORANG LAIN,Pajak Tidak Aktif,13,990000.0,0.0,0.36,0.36,TIDAK ISI,0,0,0,0,Lunas (Lancar),0
2025-01-03 10:43:10,Honda,A/N ORANG LAIN,Pajak Tidak Aktif,6,2530000.0,0.0,0.35384615384615387,0.35384615384615387,KARYAWAN SWASTA,0,0,0,0,Lunas (Lancar),0
2025-01-03 10:44:29,Honda,A/N SENDIRI,Pajak Tidak Aktif,5,3355000.0,0.0,0.4066666666666667,0.4066666666666667,TIDAK ISI,0,0,0,0,Lunas (Lancar),0
2025-01-03 10:44:48,Honda,A/N SENDIRI,Pajak Tidak Aktif,12,1375000.0,0.0,0.5,0.5,IBU RUMAH TANGGA,0,0,0,0,Lunas (Lancar),0
2025-01-03 10:50:44,Yamaha,A/N SENDIRI,Pajak Tidak Aktif,9,770000.0,0.0,0.28,0.28,PELAJAR/MAHASISWA,0,0,0,0,Lunas (Lancar),0
2025-01-03 10:51:55,Honda,A/N SENDIRI,Pajak Tidak Aktif,5,4400000.0,0.0,0.4,0.4,TIDAK ISI,0,0,0,0,Lunas (Lancar),0
2025-01-03 10:52:53,Honda,A/N SENDIRI,Pajak Tidak Aktif,9,2200000.0,0.0,0.4,0.4,TIDAK ISI,1,0,0,0,Lunas (Lancar),0
2025-01-03 10:55:09,Honda,A/N ORANG LAIN,Pajak Tidak Aktif,3,3905000.0,0.0,0.18,0.355,TIDAK ISI,1,0,0,0,Lunas (Lancar),0
2025-01-03 10:55:35,Yamaha,A/N SENDIRI,Pajak Tidak Aktif,12,1155000.0,0.0,0.26,0.42,TIDAK ISI,0,0,0,0,Lunas (Lancar),0
2025-01-03 10:57:18,Honda,A/N ORANG LAIN,Pajak Tidak Aktif,7,1925000.0,0.0,0.35,0.35,TIDAK ISI,0,0,0,0,Lunas (Lancar),0
2025-01-03 10:57:54,Honda,A/N ORANG LAIN,Pajak Tidak Aktif,4,3905000.0,0.0,0.355,0.355,TIDAK ISI,0,0,0,0,Lunas (Lancar),0
2025-01-03 10:58:03,Honda,A/N ORANG LAIN,Pajak Tidak Aktif,5,2970000.0,0.0,0.36,0.36,TIDAK ISI,0,0,0,0,Lunas (Lancar),0
2025-01-03 10:59:37,Honda,A/N SENDIRI,Pajak Tidak Aktif,12,1100000.0,0.0,0.4,0.4,TIDAK ISI,1,0,0,0,Lunas (Lancar),0
2025-01-03 10:59:44,Honda,A/N ORANG LAIN,Pajak Tidak Aktif,12,990000.0,0.0,0.36,0.36,BURUH,0,0,0,0,Lunas (Lancar),0
2025-01-03 11:00:37,Honda,A/N SENDIRI,Pajak Tidak Aktif,8,2200000.0,0.0,0.4,0.4,TIDAK ISI,0,0,0,0,Lunas (Lancar),0
2025-01-03 11:03:04,Yamaha,A/N SENDIRI,Pajak Tidak Aktif,10,1540000.0,0.0,0.28,0.28,TIDAK ISI,0,0,0,0,Lunas (Lancar),0
2025-01-03 11:03:32,Honda,A/N SENDIRI,Pajak Tidak Aktif,10,1100000.0,0.0,0.4,0.4,IBU RUMAH TANGGA,0,0,0,0,Lunas (Lancar),0
2025-01-03 11:03:34,Honda,A/N ORANG LAIN,Pajak Tidak Aktif,4,2915000.0,0.0,0.35333333333333333,0.35333333333333333,TIDAK ISI,0,0,0,0,Lunas (Lancar),0
2025-01-03 11:06:02,Honda,A/N SENDIRI,Pajak Tidak Aktif,2,3300000.0,0.0,0.4,0.4,TIDAK ISI,0,0,0,0,Lunas (Lancar),0
2025-01-03 11:06:12,Honda,A/N ORANG LAIN,Pajak Tidak Aktif,8,1925000.0,0.0,0.24,0.35,TIDAK ISI,0,0,0,0,Lunas (Lancar),0
2025-01-03 11:06:25,Honda,A/N SENDIRI,Pajak Tidak Aktif,11,1100000.0,0.0,0.4,0.4,TIDAK ISI,0,0,0,0,Lunas (Lancar),0
2025-01-03 11:08:53,Honda,A/N ORANG LAIN,Pajak Tidak Aktif,7,2970000.0,0.0,0.36,0.36,TIDAK ISI,0,0,0,0,Lunas (Lancar),0
2025-01-03 11:09:10,Honda,A/N SENDIRI,Pajak Aktif,4,4455000.0,0.0,0.405,0.405,TIDAK ISI,0,0,0,0,Lunas (Lancar),0
2025-01-03 11:11:10,Honda,A/N SENDIRI,Pajak Tidak Aktif,12,1155000.0,0.0,0.42,0.42,TIDAK ISI,0,0,0,0,Lunas (Lancar),0
2025-01-03 11:11:35,Honda,A/N ORANG LAIN,Pajak Tidak Aktif,4,3850000.0,0.0,0.35,0.35,PNS,0,0,0,0,Lunas (Lancar),0
2025-01-03 11:13:44,Honda,A/N ORANG LAIN,Pajak Tidak Aktif,8,1100000.0,0.0,0.2,0.2,KARYAWAN SWASTA,0,0,0,0,Lunas (Lancar),0
2025-01-03 11:16:40,Honda,A/N ORANG LAIN,Pajak Tidak Aktif,8,1100000.0,0.0,0.2,0.2,TIDAK ISI,0,0,0,0,Lunas (Lancar),0
2025-01-03 11:16:56,Honda,A/N SENDIRI,Pajak Tidak Aktif,2,3355000.0,0.0,0.4,0.4066666666666667,TIDAK ISI,0,0,0,0,Lunas (Lancar),0
2025-01-03 11:17:16,Yamaha,A/N ORANG LAIN,Pajak Tidak Aktif,4,2915000.0,0.0,0.32,0.35333333333333333,TIDAK ISI,0,0,0,0,Lunas (Lancar),0
2025-01-03 11:19:40,Honda,A/N SENDIRI,Pajak Tidak Aktif,4,4125000.0,0.0,0.26666666666666666,0.5,KARYAWAN SWASTA,0,0,0,0,Lunas (Lancar),0
2025-01-03 11:22:43,Honda,A/N ORANG LAIN,Pajak Tidak Aktif,4,3300000.0,0.0,0.35294117647058826,0.35294117647058826,TIDAK ISI,0,0,0,0,Lunas (Lancar),0
2025-01-03 11:24:13,Honda,A/N SENDIRI,Pajak Tidak Aktif,4,2310000.0,0.0,0.28,0.28,TIDAK ISI,0,0,0,0,Lunas (Lancar),0
2025-01-03 11:24:54,Honda,A/N SENDIRI,Pajak Tidak Aktif,11,1540000.0,0.0,0.25,0.28,TIDAK ISI,1,0,0,0,Lunas (Lancar),0
2025-01-03 11:27:07,Honda,A/N SENDIRI,Pajak Tidak Aktif,2,3355000.0,0.0,0.4066666666666667,0.4066666666666667,TIDAK ISI,0,0,0,0,Lunas (Lancar),0
2025-01-03 11:27:39,Yamaha,A/N SENDIRI,Pajak Tidak Aktif,7,3300000.0,0.0,0.4,0.4,KARYAWAN SWASTA,0,0,0,0,Lunas (Lancar),0
2025-01-03 11:27:40,Honda,A/N SENDIRI,Pajak Tidak Aktif,6,2200000.0,1500000.0,0.3,0.4,TIDAK ISI,0,590,1,1,NPL Berat > 90 Hari (DPD >90 / Bad Debt),1
2025-01-03 11:30:31,Honda,A/N ORANG LAIN,Pajak Tidak Aktif,4,2970000.0,2700000.0,0.36,0.36,TIDAK ISI,0,590,1,1,NPL Berat > 90 Hari (DPD >90 / Bad Debt),1
2025-01-03 11:30:45,Honda,A/N ORANG LAIN,Pajak Tidak Aktif,4,3300000.0,0.0,0.18823529411764706,0.35294117647058826,TIDAK ISI,1,0,0,0,Lunas (Lancar),0
2025-01-03 11:31:15,Honda,A/N SENDIRI,Pajak Tidak Aktif,7,2200000.0,0.0,0.4,0.4,BELUM/TIDAK BEKERJA,0,0,0,0,Lunas (Lancar),0
2025-01-03 11:32:08,Yamaha,A/N ORANG LAIN,Pajak Tidak Aktif,4,2970000.0,0.0,0.36,0.36,TIDAK ISI,1,0,0,0,Lunas (Lancar),0
2025-01-03 11:32:16,Honda,A/N ORANG LAIN,Pajak Tidak Aktif,3,2915000.0,2000000.0,0.26666666666666666,0.35333333333333333,TIDAK ISI,0,562,1,1,NPL Berat > 90 Hari (DPD >90 / Bad Debt),1
2025-01-03 11:33:30,Honda,A/N ORANG LAIN,Pajak Tidak Aktif,8,1980000.0,0.0,0.36,0.36,TIDAK ISI,0,0,0,0,Lunas (Lancar),0
2025-01-03 11:33:59,Honda,A/N SENDIRI,Pajak Tidak Aktif,7,1540000.0,0.0,0.28,0.28,TIDAK ISI,1,0,0,0,Lunas (Lancar),0
2025-01-03 11:35:47,Honda,A/N SENDIRI,Pajak Tidak Aktif,2,3355000.0,0.0,0.4066666666666667,0.4066666666666667,TIDAK ISI,0,0,0,0,Lunas (Lancar),0
2025-01-03 11:36:56,Kawasaki,A/N ORANG LAIN,Pajak Tidak Aktif,12,1980000.0,0.0,0.36,0.36,TIDAK ISI,1,0,0,0,Lunas (Lancar),0
2025-01-03 11:38:17,Honda,A/N SENDIRI,Pajak Tidak Aktif,4,3355000.0,0.0,0.26666666666666666,0.4066666666666667,TIDAK ISI,1,0,0,0,Lunas (Lancar),0
2025-01-03 11:40:06,Honda,A/N ORANG LAIN,Pajak Tidak Aktif,13,1045000.0,0.0,0.36,0.38,TIDAK ISI,0,0,0,0,Lunas (Lancar),0
2025-01-03 11:40:14,Honda,A/N ORANG LAIN,Pajak Tidak Aktif,2,2915000.0,0.0,0.26666666666666666,0.35333333333333333,IBU RUMAH TANGGA,0,0,0,0,Lunas (Lancar),0
2025-01-03 11:41:46,Honda,A/N ORANG LAIN,Pajak Tidak Aktif,4,3850000.0,0.0,0.35,0.35,KARYAWAN SWASTA,0,0,0,0,Lunas (Lancar),0
2025-01-03 11:42:31,Yamaha,A/N ORANG LAIN,Pajak Tidak Aktif,2,3850000.0,0.0,0.35,0.35,PELAJAR/MAHASISWA,1,0,0,0,Lunas (Lancar),0
2025-01-03 11:43:04,Yamaha,A/N SENDIRI,Pajak Tidak Aktif,4,3300000.0,0.0,0.4,0.4,PELAJAR/MAHASISWA,1,0,0,0,Lunas (Lancar),0
2025-01-03 11:43:09,Honda,A/N ORANG LAIN,Pajak Tidak Aktif,9,1815000.0,0.0,0.35555555555555557,0.36666666666666664,TIDAK ISI,0,0,0,0,Lunas (Lancar),0
2025-01-03 11:43:17,Yamaha,A/N ORANG LAIN,Pajak Tidak Aktif,8,2915000.0,0.0,0.2,0.35333333333333333,IBU RUMAH TANGGA,1,0,0,0,Lunas (Lancar),0
2025-01-03 11:43:38,Yamaha,A/N ORANG LAIN,Pajak Tidak Aktif,8,1925000.0,0.0,0.2,0.35,KARYAWAN SWASTA,0,0,0,0,Lunas (Lancar),0
2025-01-03 11:44:34,Honda,A/N ORANG LAIN,Pajak Tidak Aktif,3,3905000.0,0.0,0.355,0.355,TIDAK ISI,0,0,0,0,Lunas (Lancar),0
2025-01-03 11:46:36,Honda,A/N ORANG LAIN,Pajak Tidak Aktif,12,1045000.0,0.0,0.38,0.38,TIDAK ISI,1,0,0,0,Lunas (Lancar),0
2025-01-03 11:46:41,Honda,A/N SENDIRI,Pajak Tidak Aktif,5,4125000.0,0.0,0.4666666666666667,0.5,IBU RUMAH TANGGA,0,0,0,0,Lunas (Lancar),0
2025-01-03 11:46:47,Yamaha,A/N SENDIRI,Pajak Tidak Aktif,8,1485000.0,0.0,0.27,0.27,KARYAWAN SWASTA,0,0,0,0,Lunas (Lancar),0
2025-01-03 11:47:44,Honda,A/N SENDIRI,Pajak Tidak Aktif,6,3300000.0,0.0,0.4,0.4,GURU,1,0,0,0,Lunas (Lancar),0
2025-01-03 11:48:47,Honda,A/N ORANG LAIN,Pajak Tidak Aktif,12,1045000.0,0.0,0.38,0.38,TIDAK ISI,0,0,0,0,Lunas (Lancar),0
2025-01-03 11:50:18,Honda,A/N SENDIRI,Pajak Tidak Aktif,2,2310000.0,0.0,0.2,0.28,TIDAK ISI,0,0,0,0,Lunas (Lancar),0
2025-01-03 11:52:13,Honda,A/N ORANG LAIN,Pajak Tidak Aktif,9,1045000.0,0.0,0.38,0.38,TIDAK ISI,0,0,0,0,Lunas (Lancar),0
2025-01-03 11:53:35,Honda,A/N ORANG LAIN,Pajak Tidak Aktif,3,2915000.0,0.0,0.35333333333333333,0.35333333333333333,TIDAK ISI,1,0,0,0,Lunas (Lancar),0
2025-01-03 11:54:05,Honda,A/N ORANG LAIN,Pajak Tidak Aktif,10,1815000.0,0.0,0.36666666666666664,0.36666666666666664,TIDAK ISI,1,0,0,0,Lunas (Lancar),0
2025-01-03 11:56:23,Honda,A/N SENDIRI,Pajak Tidak Aktif,3,4400000.0,0.0,0.4,0.4,TIDAK ISI,1,0,0,0,Lunas (Lancar),0
2025-01-03 11:56:52,Yamaha,A/N ORANG LAIN,Pajak Tidak Aktif,6,2970000.0,0.0,0.24,0.36,TIDAK ISI,1,0,0,0,Lunas (Lancar),0
2025-01-03 11:59:43,Yamaha,A/N ORANG LAIN,Pajak Tidak Aktif,13,550000.0,0.0,0.2,0.2,BURUH,0,0,0,0,Lunas (Lancar),0
2025-01-03 12:00:21,Honda,A/N ORANG LAIN,Pajak Tidak Aktif,8,2585000.0,0.0,0.36153846153846153,0.36153846153846153,TIDAK ISI,1,0,0,0,Lunas (Lancar),0
2025-01-03 12:00:50,Yamaha,A/N SENDIRI,Pajak Tidak Aktif,7,2200000.0,0.0,0.4,0.4,TIDAK ISI,1,0,0,0,Lunas (Lancar),0
2025-01-03 12:02:56,Honda,A/N SENDIRI,Pajak Tidak Aktif,7,2200000.0,0.0,0.4,0.4,TIDAK ISI,1,0,0,0,Lunas (Lancar),0
2025-01-03 12:03:58,Honda,A/N SENDIRI,Pajak Tidak Aktif,12,1100000.0,0.0,0.4,0.4,TIDAK ISI,0,0,0,0,Lunas (Lancar),0
2025-01-03 12:06:48,Honda,A/N ORANG LAIN,Pajak Tidak Aktif,4,2915000.0,2650000.0,0.35333333333333333,0.35333333333333333,KARYAWAN SWASTA,0,197,1,1,NPL Berat > 90 Hari (DPD >90 / Bad Debt),1
2025-01-03 12:07:34,Yamaha,A/N SENDIRI,Pajak Tidak Aktif,5,4400000.0,0.0,0.2,0.4,KARYAWAN SWASTA,1,0,0,0,Lunas (Lancar),0
2025-01-03 12:08:43,Honda,A/N ORANG LAIN,Pajak Tidak Aktif,13,550000.0,0.0,0.2,0.2,TIDAK ISI,0,0,0,0,Lunas (Lancar),0
2025-01-03 12:12:52,Honda,A/N ORANG LAIN,Pajak Tidak Aktif,8,1925000.0,0.0,0.35,0.35,BURUH,0,0,0,0,Lunas (Lancar),0
2025-01-03 12:20:16,Honda,A/N ORANG LAIN,Pajak Tidak Aktif,7,2915000.0,0.0,0.35333333333333333,0.35333333333333333,IBU RUMAH TANGGA,1,0,0,0,Lunas (Lancar),0
2025-01-03 12:21:20,Yamaha,A/N SENDIRI,Pajak Tidak Aktif,12,2255000.0,0.0,0.4,0.41,TIDAK ISI,0,0,0,0,Lunas (Lancar),0
2025-01-03 12:24:20,Honda,A/N SENDIRI,Pajak Tidak Aktif,3,3300000.0,0.0,0.4,0.4,TIDAK ISI,0,0,0,0,Lunas (Lancar),0
2025-01-03 12:24:25,Honda,A/N ORANG LAIN,Pajak Tidak Aktif,13,1045000.0,0.0,0.38,0.38,TIDAK ISI,0,0,0,0,Lunas (Lancar),0
2025-01-03 12:27:57,Yamaha,A/N ORANG LAIN,Pajak Tidak Aktif,8,1980000.0,1800000.0,0.36,0.36,TIDAK ISI,0,531,1,1,NPL Berat > 90 Hari (DPD >90 / Bad Debt),1
2025-01-03 12:29:21,Honda,A/N ORANG LAIN,Pajak Tidak Aktif,7,1925000.0,0.0,0.35,0.35,TIDAK ISI,0,0,0,0,Lunas (Lancar),0
2025-01-03 12:30:44,Honda,A/N SENDIRI,Pajak Tidak Aktif,2,4400000.0,0.0,0.4,0.4,TIDAK ISI,0,0,0,0,Lunas (Lancar),0
2025-01-03 12:33:11,Honda,A/N ORANG LAIN,Pajak Tidak Aktif,11,605000.0,0.0,0.2,0.22,TIDAK ISI,0,0,0,0,Lunas (Lancar),0
2025-01-03 12:37:18,Honda,A/N ORANG LAIN,Pajak Tidak Aktif,7,2585000.0,0.0,0.23076923076923078,0.36153846153846153,TIDAK ISI,1,0,0,0,Lunas (Lancar),0
2025-01-03 12:37:21,Yamaha,A/N ORANG LAIN,Pajak Tidak Aktif,12,990000.0,0.0,0.36,0.36,TIDAK ISI,0,0,0,0,Lunas (Lancar),0
2025-01-03 12:44:41,Yamaha,A/N SENDIRI,Pajak Tidak Aktif,13,1155000.0,0.0,0.42,0.42,TIDAK ISI,0,0,0,0,Lunas (Lancar),0
2025-01-03 12:46:04,Honda,A/N ORANG LAIN,Pajak Tidak Aktif,8,1980000.0,0.0,0.21,0.36,TIDAK ISI,1,0,0,0,Lunas (Lancar),0
2025-01-03 12:47:33,Honda,A/N ORANG LAIN,Pajak Tidak Aktif,8,2970000.0,0.0,0.36,0.36,TIDAK ISI,0,0,0,0,Lunas (Lancar),0
2025-01-03 12:48:55,Honda,A/N SENDIRI,Pajak Tidak Aktif,2,4400000.0,0.0,0.4,0.4,TIDAK ISI,0,0,0,0,Lunas (Lancar),0
2025-01-03 12:59:12,Honda,A/N SENDIRI,Pajak Tidak Aktif,2,3355000.0,0.0,0.4,0.4066666666666667,TIDAK ISI,0,0,0,0,Lunas (Lancar),0
2025-01-03 13:01:11,Honda,A/N SENDIRI,Pajak Tidak Aktif,7,3355000.0,0.0,0.26666666666666666,0.4066666666666667,TIDAK ISI,0,0,0,0,Lunas (Lancar),0
2025-01-03 13:01:28,Honda,A/N ORANG LAIN,Pajak Tidak Aktif,4,2915000.0,0.0,0.35333333333333333,0.35333333333333333,IBU RUMAH TANGGA,1,0,0,0,Lunas (Lancar),0
2025-01-03 13:03:25,Yamaha,A/N SENDIRI,Pajak Tidak Aktif,4,3300000.0,0.0,0.2,0.4,TIDAK ISI,1,0,0,0,Lunas (Lancar),0
2025-01-03 13:04:49,Yamaha,A/N ORANG LAIN,Pajak Tidak Aktif,5,3905000.0,0.0,0.355,0.355,TIDAK ISI,0,0,0,0,Lunas (Lancar),0
2025-01-03 13:05:47,Honda,A/N ORANG LAIN,Pajak Tidak Aktif,9,1760000.0,0.0,0.26666666666666666,0.35555555555555557,BURUH,0,0,0,0,Lunas (Lancar),0
2025-01-03 13:09:41,Honda,A/N ORANG LAIN,Pajak Tidak Aktif,8,2915000.0,0.0,0.35333333333333333,0.35333333333333333,TIDAK ISI,0,0,0,0,Lunas (Lancar),0
2025-01-03 13:14:00,Yamaha,A/N ORANG LAIN,Pajak Tidak Aktif,9,1265000.0,0.0,0.23,0.23,TIDAK ISI,1,0,0,0,Lunas (Lancar),0
2025-01-03 13:14:17,Yamaha,A/N ORANG LAIN,Pajak Tidak Aktif,12,990000.0,0.0,0.36,0.36,TIDAK ISI,1,0,0,0,Lunas (Lancar),0
2025-01-03 13:14:53,Honda,A/N ORANG LAIN,Pajak Tidak Aktif,4,2915000.0,0.0,0.35333333333333333,0.35333333333333333,TIDAK ISI,1,0,0,0,Lunas (Lancar),0
2025-01-03 13:15:46,Honda,A/N SENDIRI,Pajak Tidak Aktif,10,1375000.0,400000.0,0.5,0.5,KARYAWAN SWASTA,0,0,0,0,Tepat Waktu,0
2025-01-03 13:16:59,Yamaha,A/N SENDIRI,Pajak Tidak Aktif,7,3300000.0,0.0,0.4,0.4,TIDAK ISI,0,0,0,0,Lunas (Lancar),0
2025-01-03 13:17:37,Honda,A/N ORANG LAIN,Pajak Tidak Aktif,9,1045000.0,0.0,0.38,0.38,TIDAK ISI,0,0,0,0,Lunas (Lancar),0
2025-01-03 13:17:46,Yamaha,A/N ORANG LAIN,Pajak Tidak Aktif,12,1925000.0,1750000.0,0.35,0.35,TIDAK ISI,0,0,0,0,Tepat Waktu,0
2025-01-03 13:18:25,Honda,A/N ORANG LAIN,Pajak Tidak Aktif,11,1925000.0,0.0,0.35,0.35,TIDAK ISI,1,0,0,0,Lunas (Lancar),0
2025-01-03 13:24:38,Honda,A/N SENDIRI,Pajak Tidak Aktif,2,4400000.0,0.0,0.4,0.4,TIDAK ISI,0,0,0,0,Lunas (Lancar),0
2025-01-03 13:25:11,Honda,A/N ORANG LAIN,Pajak Tidak Aktif,5,1650000.0,0.0,0.2,0.2,BURUH,0,0,0,0,Lunas (Lancar),0
2025-01-03 13:27:11,Honda,A/N ORANG LAIN,Pajak Tidak Aktif,7,2530000.0,0.0,0.35384615384615387,0.35384615384615387,TIDAK ISI,0,0,0,0,Lunas (Lancar),0
2025-01-03 13:29:33,Honda,A/N ORANG LAIN,Pajak Tidak Aktif,4,2970000.0,0.0,0.36,0.36,TIDAK ISI,0,0,0,0,Lunas (Lancar),0
2025-01-03 13:30:25,Honda,A/N ORANG LAIN,Pajak Tidak Aktif,8,1925000.0,0.0,0.3,0.35,TIDAK ISI,0,0,0,0,Lunas (Lancar),0
2025-01-03 13:32:07,Honda,A/N ORANG LAIN,Pajak Tidak Aktif,3,3905000.0,0.0,0.355,0.355,TIDAK ISI,0,0,0,0,Lunas (Lancar),0
2025-01-03 13:32:40,Honda,A/N SENDIRI,Pajak Tidak Aktif,13,2255000.0,2050000.0,0.41,0.41,TIDAK ISI,0,13,0,0,Keterlambatan 1-30 Hari (DPD 1-30),0
2025-01-03 13:35:45,Honda,A/N ORANG LAIN,Pajak Tidak Aktif,4,3355000.0,0.0,0.18235294117647058,0.3588235294117647,TIDAK ISI,0,0,0,0,Lunas (Lancar),0
2025-01-03 13:36:17,Yamaha,A/N SENDIRI,Pajak Tidak Aktif,7,3300000.0,0.0,0.4,0.4,TIDAK ISI,0,0,0,0,Lunas (Lancar),0
2025-01-03 13:36:45,Honda,A/N ORANG LAIN,Pajak Tidak Aktif,4,2915000.0,2500000.0,0.35333333333333333,0.35333333333333333,TIDAK ISI,0,197,1,1,NPL Berat > 90 Hari (DPD >90 / Bad Debt),1
2025-01-03 13:38:56,Honda,A/N SENDIRI,Pajak Tidak Aktif,4,3740000.0,0.0,0.35294117647058826,0.4,TIDAK ISI,0,0,0,0,Lunas (Lancar),0
2025-01-03 13:43:03,Honda,A/N SENDIRI,Pajak Tidak Aktif,4,4400000.0,0.0,0.2,0.4,TIDAK ISI,1,0,0,0,Lunas (Lancar),0
2025-01-03 13:45:25,Yamaha,A/N SENDIRI,Pajak Tidak Aktif,9,770000.0,0.0,0.28,0.28,TIDAK ISI,1,0,0,0,Lunas (Lancar),0
2025-01-03 13:46:37,Yamaha,A/N ORANG LAIN,Pajak Tidak Aktif,11,1925000.0,0.0,0.3,0.35,TIDAK ISI,1,0,0,0,Lunas (Lancar),0
2025-01-03 13:49:47,Honda,A/N SENDIRI,Pajak Tidak Aktif,5,2310000.0,2100000.0,0.28,0.28,TIDAK ISI,0,0,0,0,Tepat Waktu,0
2025-01-03 13:49:59,Honda,A/N SENDIRI,Pajak Tidak Aktif,2,3740000.0,0.0,0.4,0.4,TIDAK ISI,0,0,0,0,Lunas (Lancar),0
2025-01-03 13:51:48,Yamaha,A/N SENDIRI,Pajak Tidak Aktif,3,4455000.0,0.0,0.4,0.405,TIDAK ISI,0,0,0,0,Lunas (Lancar),0
2025-01-03 13:54:56,Honda,A/N ORANG LAIN,Pajak Tidak Aktif,8,1925000.0,0.0,0.35,0.35,TIDAK ISI,0,0,0,0,Lunas (Lancar),0
2025-01-03 13:55:07,Yamaha,A/N SENDIRI,Pajak Tidak Aktif,8,3355000.0,3050000.0,0.4066666666666667,0.4066666666666667,TIDAK ISI,0,136,1,1,NPL Berat > 90 Hari (DPD >90 / Bad Debt),1
2025-01-03 13:56:34,Honda,A/N SENDIRI,Pajak Tidak Aktif,7,2200000.0,0.0,0.4,0.4,KARYAWAN SWASTA,1,0,0,0,Lunas (Lancar),0
2025-01-03 13:56:58,Honda,A/N ORANG LAIN,Pajak Tidak Aktif,10,1925000.0,0.0,0.35,0.35,TIDAK ISI,1,0,0,0,Lunas (Lancar),0
2025-01-03 13:59:34,Honda,A/N SENDIRI,Pajak Tidak Aktif,3,3355000.0,0.0,0.4066666666666667,0.4066666666666667,TIDAK ISI,1,0,0,0,Lunas (Lancar),0
2025-01-03 13:59:49,Honda,A/N SENDIRI,Pajak Tidak Aktif,3,4400000.0,4000000.0,0.4,0.4,TIDAK ISI,0,590,1,1,NPL Berat > 90 Hari (DPD >90 / Bad Debt),1
2025-01-03 13:59:59,Honda,A/N ORANG LAIN,Pajak Tidak Aktif,7,2970000.0,0.0,0.36,0.36,TIDAK ISI,1,0,0,0,Lunas (Lancar),0
2025-01-03 14:00:11,Honda,A/N SENDIRI,Pajak Tidak Aktif,3,3355000.0,0.0,0.4066666666666667,0.4066666666666667,TIDAK ISI,0,0,0,0,Lunas (Lancar),0
2025-01-03 14:00:21,Honda,A/N SENDIRI,Pajak Tidak Aktif,6,3355000.0,0.0,0.4066666666666667,0.4066666666666667,TIDAK ISI,1,0,0,0,Lunas (Lancar),0
2025-01-03 14:01:26,Honda,A/N ORANG LAIN,Pajak Tidak Aktif,11,990000.0,0.0,0.36,0.36,TIDAK ISI,0,0,0,0,Lunas (Lancar),0
2025-01-03 14:03:42,Yamaha,A/N ORANG LAIN,Pajak Tidak Aktif,4,3850000.0,0.0,0.35,0.35,TIDAK ISI,0,0,0,0,Lunas (Lancar),0
2025-01-03 14:04:08,Honda,A/N ORANG LAIN,Pajak Tidak Aktif,7,2915000.0,0.0,0.35333333333333333,0.35333333333333333,IBU RUMAH TANGGA,1,0,0,0,Lunas (Lancar),0
2025-01-03 14:05:39,Honda,A/N ORANG LAIN,Pajak Tidak Aktif,4,2915000.0,0.0,0.35333333333333333,0.35333333333333333,TIDAK ISI,1,0,0,0,Lunas (Lancar),0
2025-01-03 14:05:45,Honda,A/N SENDIRI,Pajak Tidak Aktif,12,1100000.0,0.0,0.4,0.4,TIDAK ISI,1,0,0,0,Lunas (Lancar),0
2025-01-03 14:07:16,Honda,A/N SENDIRI,Pajak Tidak Aktif,4,3355000.0,0.0,0.21333333333333335,0.4066666666666667,TIDAK ISI,0,0,0,0,Lunas (Lancar),0
2025-01-03 14:07:50,Honda,A/N ORANG LAIN,Pajak Tidak Aktif,2,3850000.0,3500000.0,0.35,0.35,TIDAK ISI,0,531,1,1,NPL Berat > 90 Hari (DPD >90 / Bad Debt),1
2025-01-03 14:08:50,Honda,A/N ORANG LAIN,Pajak Tidak Aktif,11,1925000.0,0.0,0.35,0.35,IBU RUMAH TANGGA,0,0,0,0,Lunas (Lancar),0
2025-01-03 14:11:56,Honda,A/N ORANG LAIN,Pajak Tidak Aktif,5,3850000.0,0.0,0.3,0.35,PELAJAR/MAHASISWA,0,0,0,0,Lunas (Lancar),0
2025-01-03 14:12:21,Honda,A/N ORANG LAIN,Pajak Tidak Aktif,5,2915000.0,0.0,0.24,0.35333333333333333,TIDAK ISI,0,0,0,0,Lunas (Lancar),0
2025-01-03 14:12:50,Honda,A/N ORANG LAIN,Pajak Tidak Aktif,6,2915000.0,0.0,0.35333333333333333,0.35333333333333333,TIDAK ISI,0,0,0,0,Lunas (Lancar),0
2025-01-03 14:13:09,Honda,A/N SENDIRI,Pajak Tidak Aktif,3,3355000.0,0.0,0.20666666666666667,0.4066666666666667,TIDAK ISI,1,0,0,0,Lunas (Lancar),0
2025-01-03 14:16:28,Honda,A/N SENDIRI,Pajak Tidak Aktif,5,3300000.0,0.0,0.4,0.4,TIDAK ISI,0,0,0,0,Lunas (Lancar),0
2025-01-03 14:19:23,Honda,A/N ORANG LAIN,Pajak Tidak Aktif,6,1925000.0,1750000.0,0.35,0.35,KARYAWAN SWASTA,0,0,0,0,Tepat Waktu,0
2025-01-03 14:21:18,Honda,A/N ORANG LAIN,Pajak Tidak Aktif,6,1925000.0,0.0,0.35,0.35,LAINNYA,0,0,0,0,Lunas (Lancar),0
2025-01-03 14:22:35,Honda,A/N ORANG LAIN,Pajak Tidak Aktif,11,1045000.0,0.0,0.38,0.38,TIDAK ISI,0,0,0,0,Lunas (Lancar),0
2025-01-03 14:23:38,Honda,A/N ORANG LAIN,Pajak Tidak Aktif,3,2915000.0,0.0,0.35333333333333333,0.35333333333333333,TIDAK ISI,1,0,0,0,Lunas (Lancar),0
2025-01-03 14:24:45,Yamaha,A/N SENDIRI,Pajak Tidak Aktif,12,2255000.0,0.0,0.41,0.41,TIDAK ISI,1,0,0,0,Lunas (Lancar),0
2025-01-03 14:27:46,Honda,A/N SENDIRI,Pajak Tidak Aktif,8,2255000.0,0.0,0.4,0.41,TIDAK ISI,0,0,0,0,Lunas (Lancar),0
2025-01-03 14:35:48,Honda,A/N SENDIRI,Pajak Tidak Aktif,2,3355000.0,0.0,0.4066666666666667,0.4066666666666667,TIDAK ISI,0,0,0,0,Lunas (Lancar),0
2025-01-03 14:36:26,Honda,A/N ORANG LAIN,Pajak Tidak Aktif,4,2915000.0,0.0,0.35333333333333333,0.35333333333333333,TIDAK ISI,0,0,0,0,Lunas (Lancar),0
2025-01-03 14:38:21,Honda,A/N ORANG LAIN,Pajak Tidak Aktif,9,1760000.0,0.0,0.35555555555555557,0.35555555555555557,IBU RUMAH TANGGA,0,0,0,0,Lunas (Lancar),0
2025-01-03 14:39:56,Honda,A/N SENDIRI,Pajak Tidak Aktif,6,2255000.0,0.0,0.2,0.2733333333333333,TIDAK ISI,0,0,0,0,Lunas (Lancar),0
2025-01-03 14:44:13,Honda,A/N SENDIRI,Pajak Tidak Aktif,7,2860000.0,0.0,0.2,0.4,KARYAWAN SWASTA,0,0,0,0,Lunas (Lancar),0
2025-01-03 14:44:45,Honda,A/N ORANG LAIN,Pajak Tidak Aktif,8,2530000.0,0.0,0.3076923076923077,0.35384615384615387,BURUH,1,0,0,0,Lunas (Lancar),0
2025-01-03 14:46:08,Honda,A/N ORANG LAIN,Pajak Tidak Aktif,8,1925000.0,0.0,0.35,0.35,KARYAWAN SWASTA,0,0,0,0,Lunas (Lancar),0
2025-01-03 14:48:21,Honda,A/N ORANG LAIN,Pajak Tidak Aktif,11,990000.0,900000.0,0.36,0.36,KARYAWAN SWASTA,0,531,1,1,NPL Berat > 90 Hari (DPD >90 / Bad Debt),1
2025-01-03 14:49:12,Honda,A/N SENDIRI,Pajak Tidak Aktif,7,2200000.0,0.0,0.4,0.4,TIDAK ISI,0,0,0,0,Lunas (Lancar),0
2025-01-03 14:49:22,Yamaha,A/N ORANG LAIN,Pajak Tidak Aktif,8,2915000.0,0.0,0.35333333333333333,0.35333333333333333,KARYAWAN SWASTA,0,0,0,0,Lunas (Lancar),0
2025-01-03 14:49:51,Honda,A/N SENDIRI,Pajak Tidak Aktif,6,2860000.0,0.0,0.4,0.4,KARYAWAN SWASTA,0,0,0,0,Lunas (Lancar),0
2025-01-03 14:53:41,Honda,A/N ORANG LAIN,Pajak Tidak Aktif,2,2970000.0,0.0,0.36,0.36,TIDAK ISI,0,0,0,0,Lunas (Lancar),0
2025-01-03 14:56:57,Honda,A/N ORANG LAIN,Pajak Tidak Aktif,3,3905000.0,0.0,0.25,0.355,TIDAK ISI,0,0,0,0,Lunas (Lancar),0
2025-01-03 14:59:51,Yamaha,A/N ORANG LAIN,Pajak Tidak Aktif,7,2970000.0,0.0,0.36,0.36,TIDAK ISI,0,0,0,0,Lunas (Lancar),0
2025-01-03 15:00:23,Honda,A/N SENDIRI,Pajak Tidak Aktif,7,2255000.0,0.0,0.41,0.41,TIDAK ISI,1,0,0,0,Lunas (Lancar),0
2025-01-03 15:02:06,Honda,A/N ORANG LAIN,Pajak Tidak Aktif,5,1705000.0,0.0,0.20666666666666667,0.20666666666666667,TIDAK ISI,1,0,0,0,Lunas (Lancar),0
2025-01-03 15:02:10,Honda,A/N SENDIRI,Pajak Tidak Aktif,8,2255000.0,0.0,0.41,0.41,TIDAK ISI,0,0,0,0,Lunas (Lancar),0
2025-01-03 15:02:35,Honda,A/N SENDIRI,Pajak Tidak Aktif,4,3355000.0,0.0,0.26666666666666666,0.4066666666666667,TIDAK ISI,0,0,0,0,Lunas (Lancar),0
2025-01-03 15:02:42,Honda,A/N ORANG LAIN,Pajak Tidak Aktif,7,1980000.0,0.0,0.35,0.36,TIDAK ISI,0,0,0,0,Lunas (Lancar),0
2025-01-03 15:02:42,Honda,A/N SENDIRI,Pajak Tidak Aktif,4,3300000.0,0.0,0.4,0.4,TIDAK ISI,0,0,0,0,Lunas (Lancar),0
2025-01-03 15:06:25,Honda,A/N ORANG LAIN,Pajak Tidak Aktif,10,1045000.0,0.0,0.38,0.38,TIDAK ISI,1,0,0,0,Lunas (Lancar),0
2025-01-03 15:06:53,Yamaha,A/N SENDIRI,Pajak Tidak Aktif,13,1155000.0,0.0,0.4,0.42,TIDAK ISI,0,0,0,0,Lunas (Lancar),0
2025-01-03 15:07:26,Honda,A/N ORANG LAIN,Pajak Tidak Aktif,4,2915000.0,0.0,0.18,0.35333333333333333,KARYAWAN SWASTA,0,0,0,0,Lunas (Lancar),0
2025-01-03 15:08:58,Yamaha,A/N ORANG LAIN,Pajak Tidak Aktif,8,1925000.0,1750000.0,0.35,0.35,TIDAK ISI,0,562,1,1,NPL Berat > 90 Hari (DPD >90 / Bad Debt),1
2025-01-03 15:10:04,Honda,A/N ORANG LAIN,Pajak Tidak Aktif,7,1430000.0,0.0,0.2,0.2,TIDAK ISI,0,0,0,0,Lunas (Lancar),0
2025-01-03 15:10:19,Honda,A/N ORANG LAIN,Pajak Tidak Aktif,3,2915000.0,0.0,0.35333333333333333,0.35333333333333333,BURUH,1,0,0,0,Lunas (Lancar),0
2025-01-03 15:11:42,Honda,A/N ORANG LAIN,Pajak Tidak Aktif,3,2970000.0,0.0,0.36,0.36,TIDAK ISI,0,0,0,0,Lunas (Lancar),0
2025-01-03 15:13:37,Honda,A/N ORANG LAIN,Pajak Tidak Aktif,8,1925000.0,0.0,0.35,0.35,TIDAK ISI,0,0,0,0,Lunas (Lancar),0
2025-01-03 15:14:50,Honda,A/N ORANG LAIN,Pajak Tidak Aktif,4,1650000.0,0.0,0.2,0.2,IBU RUMAH TANGGA,0,0,0,0,Lunas (Lancar),0
2025-01-03 15:15:28,Yamaha,A/N ORANG LAIN,Pajak Tidak Aktif,5,3850000.0,0.0,0.35,0.35,TIDAK ISI,0,0,0,0,Lunas (Lancar),0
2025-01-03 15:16:09,Honda,A/N ORANG LAIN,Pajak Tidak Aktif,7,2530000.0,1000000.0,0.18461538461538463,0.35384615384615387,TIDAK ISI,0,13,0,0,Keterlambatan 1-30 Hari (DPD 1-30),0
2025-01-03 15:20:16,Yamaha,A/N SENDIRI,Pajak Tidak Aktif,4,3300000.0,1500000.0,0.2,0.4,TIDAK ISI,0,470,1,1,NPL Berat > 90 Hari (DPD >90 / Bad Debt),1
2025-01-03 15:33:53,Honda,A/N SENDIRI,Pajak Tidak Aktif,8,2310000.0,0.0,0.28,0.28,TIDAK ISI,0,0,0,0,Lunas (Lancar),0
2025-01-03 15:35:00,Honda,A/N ORANG LAIN,Pajak Tidak Aktif,13,1045000.0,0.0,0.38,0.38,TIDAK ISI,0,0,0,0,Lunas (Lancar),0
2025-01-03 15:37:04,Yamaha,A/N ORANG LAIN,Pajak Tidak Aktif,2,2475000.0,0.0,0.15,0.225,TIDAK ISI,0,0,0,0,Lunas (Lancar),0
2025-01-03 15:39:19,Honda,A/N ORANG LAIN,Pajak Tidak Aktif,4,2915000.0,0.0,0.18,0.35333333333333333,TIDAK ISI,1,0,0,0,Lunas (Lancar),0
2025-01-03 15:40:20,Honda,A/N SENDIRI,Pajak Tidak Aktif,6,2255000.0,0.0,0.21,0.41,TIDAK ISI,0,0,0,0,Lunas (Lancar),0
2025-01-03 15:40:44,Honda,A/N SENDIRI,Pajak Tidak Aktif,2,3795000.0,0.0,0.23529411764705882,0.40588235294117647,TIDAK ISI,0,0,0,0,Lunas (Lancar),0
2025-01-03 15:41:36,Honda,A/N SENDIRI,Pajak Tidak Aktif,2,3355000.0,0.0,0.4066666666666667,0.4066666666666667,TIDAK ISI,0,0,0,0,Lunas (Lancar),0
2025-01-03 15:41:45,Yamaha,A/N ORANG LAIN,Pajak Tidak Aktif,12,990000.0,0.0,0.36,0.36,IBU RUMAH TANGGA,0,0,0,0,Lunas (Lancar),0
2025-01-03 15:42:52,Honda,A/N ORANG LAIN,Pajak Tidak Aktif,7,1980000.0,0.0,0.36,0.36,TIDAK ISI,1,0,0,0,Lunas (Lancar),0
2025-01-03 15:43:11,Yamaha,A/N ORANG LAIN,Pajak Tidak Aktif,12,605000.0,0.0,0.22,0.22,TIDAK ISI,1,0,0,0,Lunas (Lancar),0
2025-01-03 15:45:09,Honda,A/N SENDIRI,Pajak Tidak Aktif,4,3190000.0,0.0,0.38666666666666666,0.38666666666666666,PELAJAR/MAHASISWA,0,0,0,0,Lunas (Lancar),0
2025-01-03 15:47:57,Honda,A/N SENDIRI,Pajak Tidak Aktif,10,1100000.0,0.0,0.4,0.4,GURU,1,0,0,0,Lunas (Lancar),0
2025-01-03 15:49:23,Yamaha,A/N SENDIRI,Pajak Tidak Aktif,2,4400000.0,0.0,0.4,0.4,TIDAK ISI,0,0,0,0,Lunas (Lancar),0
2025-01-03 15:52:09,Honda,A/N ORANG LAIN,Pajak Tidak Aktif,2,3905000.0,0.0,0.35,0.355,TIDAK ISI,0,0,0,0,Lunas (Lancar),0
2025-01-03 15:52:24,Honda,A/N ORANG LAIN,Pajak Tidak Aktif,5,2915000.0,0.0,0.35333333333333333,0.35333333333333333,TIDAK ISI,1,0,0,0,Lunas (Lancar),0
2025-01-03 15:59:37,Honda,A/N ORANG LAIN,Pajak Tidak Aktif,8,1925000.0,0.0,0.35,0.35,TIDAK ISI,1,0,0,0,Lunas (Lancar),0
2025-01-03 16:00:19,Honda,A/N SENDIRI,Pajak Tidak Aktif,2,3355000.0,0.0,0.4066666666666667,0.4066666666666667,TIDAK ISI,1,0,0,0,Lunas (Lancar),0
2025-01-03 16:03:39,Honda,A/N ORANG LAIN,Pajak Tidak Aktif,13,1045000.0,0.0,0.38,0.38,TIDAK ISI,0,0,0,0,Lunas (Lancar),0
2025-01-03 16:05:01,Honda,A/N ORANG LAIN,Pajak Tidak Aktif,13,990000.0,0.0,0.36,0.36,KARYAWAN SWASTA,1,0,0,0,Lunas (Lancar),0
2025-01-03 16:05:23,Honda,A/N ORANG LAIN,Pajak Tidak Aktif,6,2915000.0,2500000.0,0.3333333333333333,0.35333333333333333,KARYAWAN SWASTA,1,590,0,0,NPL Berat > 90 Hari (DPD >90 / Bad Debt),0
2025-01-03 16:07:29,Honda,A/N SENDIRI,Pajak Tidak Aktif,4,4400000.0,0.0,0.2,0.4,TIDAK ISI,1,0,0,0,Lunas (Lancar),0
2025-01-03 16:07:37,Yamaha,A/N SENDIRI,Pajak Tidak Aktif,7,4125000.0,0.0,0.5,0.5,GURU,1,0,0,0,Lunas (Lancar),0
2025-01-03 16:07:57,Honda,A/N SENDIRI,Pajak Tidak Aktif,8,2200000.0,0.0,0.4,0.4,KARYAWAN SWASTA,0,0,0,0,Lunas (Lancar),0
2025-01-03 16:09:16,Honda,A/N SENDIRI,Pajak Tidak Aktif,8,3355000.0,0.0,0.4066666666666667,0.4066666666666667,TIDAK ISI,0,0,0,0,Lunas (Lancar),0
2025-01-03 16:10:17,Honda,A/N ORANG LAIN,Pajak Tidak Aktif,13,1045000.0,650000.0,0.38,0.38,TIDAK ISI,0,0,0,0,Tepat Waktu,0
2025-01-03 16:10:51,Honda,A/N SENDIRI,Pajak Tidak Aktif,2,3300000.0,0.0,0.4,0.4,KARYAWAN SWASTA,0,0,0,0,Lunas (Lancar),0
2025-01-03 16:12:10,Honda,A/N SENDIRI,Pajak Tidak Aktif,3,3355000.0,0.0,0.26666666666666666,0.4066666666666667,TIDAK ISI,0,0,0,0,Lunas (Lancar),0
2025-01-03 16:13:50,Yamaha,A/N ORANG LAIN,Pajak Tidak Aktif,9,1925000.0,0.0,0.35,0.35,TIDAK ISI,1,0,0,0,Lunas (Lancar),0
2025-01-03 16:15:12,Honda,A/N ORANG LAIN,Pajak Tidak Aktif,7,2915000.0,0.0,0.35333333333333333,0.35333333333333333,TIDAK ISI,0,0,0,0,Lunas (Lancar),0
2025-01-03 16:15:32,Yamaha,A/N SENDIRI,Pajak Tidak Aktif,11,2200000.0,0.0,0.4,0.4,TIDAK ISI,1,0,0,0,Lunas (Lancar),0
2025-01-03 16:15:42,Honda,A/N SENDIRI,Pajak Tidak Aktif,10,2035000.0,0.0,0.4,0.4111111111111111,TIDAK ISI,0,0,0,0,Lunas (Lancar),0
2025-01-03 16:17:29,Honda,A/N ORANG LAIN,Pajak Tidak Aktif,6,2915000.0,0.0,0.2,0.35333333333333333,KARYAWAN SWASTA,1,0,0,0,Lunas (Lancar),0
2025-01-03 16:18:13,Honda,A/N ORANG LAIN,Pajak Tidak Aktif,12,990000.0,0.0,0.36,0.36,TIDAK ISI,0,0,0,0,Lunas (Lancar),0
2025-01-03 16:18:51,Honda,A/N SENDIRI,Pajak Tidak Aktif,5,3300000.0,0.0,0.4,0.4,TIDAK ISI,1,0,0,0,Lunas (Lancar),0
2025-01-03 16:20:25,Yamaha,A/N ORANG LAIN,Pajak Tidak Aktif,9,1925000.0,0.0,0.35,0.35,TIDAK ISI,1,0,0,0,Lunas (Lancar),0
2025-01-03 16:22:32,Honda,A/N ORANG LAIN,Pajak Tidak Aktif,12,990000.0,0.0,0.36,0.36,KARYAWAN SWASTA,1,0,0,0,Lunas (Lancar),0
2025-01-03 16:23:28,Honda,A/N ORANG LAIN,Pajak Tidak Aktif,9,990000.0,0.0,0.36,0.36,IBU RUMAH TANGGA,0,0,0,0,Lunas (Lancar),0
2025-01-03 16:23:35,Yamaha,A/N ORANG LAIN,Pajak Tidak Aktif,9,990000.0,0.0,0.36,0.36,KARYAWAN SWASTA,1,0,0,0,Lunas (Lancar),0
2025-01-03 16:25:41,Honda,A/N SENDIRI,Pajak Tidak Aktif,4,3025000.0,0.0,0.14,0.275,PELAJAR/MAHASISWA,0,0,0,0,Lunas (Lancar),0
2025-01-03 16:28:40,Yamaha,A/N SENDIRI,Pajak Tidak Aktif,3,4400000.0,0.0,0.3,0.4,KARYAWAN SWASTA,1,0,0,0,Lunas (Lancar),0
2025-01-03 16:29:01,Honda,A/N SENDIRI,Pajak Tidak Aktif,2,3300000.0,0.0,0.4,0.4,IBU RUMAH TANGGA,0,0,0,0,Lunas (Lancar),0
2025-01-03 16:33:32,Yamaha,A/N SENDIRI,Pajak Tidak Aktif,8,2200000.0,0.0,0.2,0.4,KARYAWAN SWASTA,0,0,0,0,Lunas (Lancar),0
2025-01-03 16:34:04,Honda,A/N ORANG LAIN,Pajak Tidak Aktif,6,2915000.0,0.0,0.26666666666666666,0.35333333333333333,KARYAWAN SWASTA,1,0,0,0,Lunas (Lancar),0
2025-01-03 16:34:38,Honda,A/N ORANG LAIN,Pajak Tidak Aktif,7,1925000.0,0.0,0.35,0.35,TIDAK ISI,0,0,0,0,Lunas (Lancar),0
2025-01-03 16:34:58,Honda,A/N ORANG LAIN,Pajak Tidak Aktif,8,1320000.0,0.0,0.24,0.24,TIDAK ISI,0,0,0,0,Lunas (Lancar),0
2025-01-03 16:35:16,Honda,A/N SENDIRI,Pajak Tidak Aktif,9,1980000.0,0.0,0.4,0.4,KARYAWAN SWASTA,0,0,0,0,Lunas (Lancar),0
2025-01-03 16:35:20,Honda,A/N ORANG LAIN,Pajak Tidak Aktif,8,1980000.0,0.0,0.26,0.36,TIDAK ISI,0,0,0,0,Lunas (Lancar),0
2025-01-03 16:38:17,Honda,A/N SENDIRI,Pajak Tidak Aktif,9,825000.0,0.0,0.3,0.3,TIDAK ISI,1,0,0,0,Lunas (Lancar),0
2025-01-03 16:39:27,Honda,A/N ORANG LAIN,Pajak Tidak Aktif,11,1265000.0,0.0,0.46,0.46,KARYAWAN SWASTA,1,0,0,0,Lunas (Lancar),0
2025-01-03 16:40:44,Honda,A/N ORANG LAIN,Pajak Tidak Aktif,2,2915000.0,0.0,0.35333333333333333,0.35333333333333333,KARYAWAN SWASTA,0,0,0,0,Lunas (Lancar),0
2025-01-03 16:46:13,Yamaha,A/N ORANG LAIN,Pajak Tidak Aktif,6,1925000.0,0.0,0.35,0.35,KARYAWAN SWASTA,1,0,0,0,Lunas (Lancar),0
2025-01-03 16:50:02,Honda,A/N ORANG LAIN,Pajak Tidak Aktif,9,1925000.0,0.0,0.35,0.35,TIDAK ISI,0,0,0,0,Lunas (Lancar),0
2025-01-03 16:51:00,Honda,A/N ORANG LAIN,Pajak Tidak Aktif,3,2915000.0,0.0,0.35333333333333333,0.35333333333333333,TIDAK ISI,0,0,0,0,Lunas (Lancar),0
2025-01-03 16:52:16,Yamaha,A/N ORANG LAIN,Pajak Tidak Aktif,7,1925000.0,0.0,0.35,0.35,KARYAWAN SWASTA,1,0,0,0,Lunas (Lancar),0
2025-01-03 16:52:29,Honda,A/N SENDIRI,Pajak Tidak Aktif,8,1485000.0,0.0,0.27,0.27,TIDAK ISI,0,0,0,0,Lunas (Lancar),0
2025-01-03 16:58:00,Honda,A/N SENDIRI,Pajak Tidak Aktif,5,3740000.0,0.0,0.4,0.4,IBU RUMAH TANGGA,0,0,0,0,Lunas (Lancar),0
2025-01-03 17:03:26,Yamaha,A/N ORANG LAIN,Pajak Tidak Aktif,5,1705000.0,0.0,0.20666666666666667,0.20666666666666667,TIDAK ISI,0,0,0,0,Lunas (Lancar),0
2025-01-03 17:07:09,Honda,A/N ORANG LAIN,Pajak Tidak Aktif,2,3355000.0,0.0,0.3588235294117647,0.3588235294117647,TIDAK ISI,0,0,0,0,Lunas (Lancar),0
2025-01-03 17:07:16,Honda,A/N SENDIRI,Pajak Tidak Aktif,3,2255000.0,0.0,0.2733333333333333,0.2733333333333333,TIDAK ISI,1,0,0,0,Lunas (Lancar),0
2025-01-03 17:07:41,Yamaha,A/N SENDIRI,Pajak Tidak Aktif,13,1100000.0,0.0,0.4,0.4,PELAJAR/MAHASISWA,0,0,0,0,Lunas (Lancar),0
2025-01-03 17:11:49,Honda,A/N SENDIRI,Pajak Tidak Aktif,2,3300000.0,0.0,0.4,0.4,TIDAK ISI,0,0,0,0,Lunas (Lancar),0
2025-01-03 17:12:35,Yamaha,A/N ORANG LAIN,Pajak Tidak Aktif,13,990000.0,0.0,0.36,0.36,BELUM/TIDAK BEKERJA,0,0,0,0,Lunas (Lancar),0
2025-01-03 17:12:53,Honda,A/N SENDIRI,Pajak Tidak Aktif,8,2915000.0,0.0,0.4076923076923077,0.4076923076923077,TIDAK ISI,0,0,0,0,Lunas (Lancar),0
2025-01-03 17:14:55,Honda,A/N ORANG LAIN,Pajak Tidak Aktif,2,2970000.0,0.0,0.36,0.36,TIDAK ISI,0,0,0,0,Lunas (Lancar),0
2025-01-03 17:15:12,Honda,A/N ORANG LAIN,Pajak Tidak Aktif,12,550000.0,0.0,0.2,0.2,KARYAWAN SWASTA,0,0,0,0,Lunas (Lancar),0
2025-01-03 17:16:38,Honda,A/N ORANG LAIN,Pajak Tidak Aktif,5,2970000.0,0.0,0.36,0.36,TIDAK ISI,0,0,0,0,Lunas (Lancar),0
2025-01-03 17:20:55,Honda,A/N SENDIRI,Pajak Tidak Aktif,11,770000.0,0.0,0.28,0.28,TIDAK ISI,1,0,0,0,Lunas (Lancar),0
2025-01-03 17:27:32,Honda,A/N ORANG LAIN,Pajak Tidak Aktif,8,1155000.0,0.0,0.21,0.21,TIDAK ISI,0,0,0,0,Lunas (Lancar),0
2025-01-03 17:27:38,Honda,A/N ORANG LAIN,Pajak Tidak Aktif,8,1980000.0,0.0,0.36,0.36,TIDAK ISI,1,0,0,0,Lunas (Lancar),0
2025-01-03 17:27:38,Honda,A/N SENDIRI,Pajak Tidak Aktif,7,2200000.0,1600000.0,0.32,0.4,TIDAK ISI,0,590,1,1,NPL Berat > 90 Hari (DPD >90 / Bad Debt),1
2025-01-03 17:28:42,Honda,A/N ORANG LAIN,Pajak Tidak Aktif,3,2915000.0,0.0,0.35333333333333333,0.35333333333333333,KARYAWAN SWASTA,0,0,0,0,Lunas (Lancar),0
2025-01-03 17:32:11,Yamaha,A/N ORANG LAIN,Pajak Tidak Aktif,11,1925000.0,1750000.0,0.35,0.35,TIDAK ISI,0,590,1,1,NPL Berat > 90 Hari (DPD >90 / Bad Debt),1
2025-01-03 17:34:50,Honda,A/N SENDIRI,Pajak Tidak Aktif,7,2255000.0,2050000.0,0.41,0.41,TIDAK ISI,0,0,0,0,Tepat Waktu,0
2025-01-03 17:35:03,Honda,A/N SENDIRI,Pajak Tidak Aktif,2,3300000.0,0.0,0.4,0.4,KARYAWAN SWASTA,0,0,0,0,Lunas (Lancar),0
2025-01-03 17:36:47,Honda,A/N ORANG LAIN,Pajak Tidak Aktif,7,2585000.0,0.0,0.36153846153846153,0.36153846153846153,TIDAK ISI,0,0,0,0,Lunas (Lancar),0
2025-01-03 17:38:56,Honda,A/N SENDIRI,Pajak Tidak Aktif,6,2255000.0,0.0,0.41,0.41,TIDAK ISI,1,0,0,0,Lunas (Lancar),0
2025-01-03 17:39:57,Honda,A/N SENDIRI,Pajak Tidak Aktif,9,1100000.0,0.0,0.4,0.4,PELAJAR/MAHASISWA,0,0,0,0,Lunas (Lancar),0
2025-01-03 17:39:58,Honda,A/N SENDIRI,Pajak Tidak Aktif,3,3300000.0,0.0,0.4,0.4,TIDAK ISI,0,0,0,0,Lunas (Lancar),0
2025-01-03 17:46:43,Honda,A/N SENDIRI,Pajak Tidak Aktif,5,3355000.0,0.0,0.4066666666666667,0.4066666666666667,TIDAK ISI,0,0,0,0,Lunas (Lancar),0
2025-01-03 17:46:54,Honda,A/N ORANG LAIN,Pajak Tidak Aktif,8,1980000.0,0.0,0.36,0.36,TIDAK ISI,0,0,0,0,Lunas (Lancar),0
2025-01-03 17:47:27,Yamaha,A/N ORANG LAIN,Pajak Tidak Aktif,8,2915000.0,0.0,0.35333333333333333,0.35333333333333333,TIDAK ISI,1,0,0,0,Lunas (Lancar),0
2025-01-03 17:47:50,Honda,A/N SENDIRI,Pajak Tidak Aktif,8,2200000.0,0.0,0.2,0.4,KARYAWAN SWASTA,1,0,0,0,Lunas (Lancar),0
2025-01-03 17:50:11,Yamaha,A/N ORANG LAIN,Pajak Tidak Aktif,9,1980000.0,0.0,0.36,0.36,TIDAK ISI,0,0,0,0,Lunas (Lancar),0
2025-01-03 17:51:41,Honda,A/N ORANG LAIN,Pajak Tidak Aktif,9,990000.0,0.0,0.36,0.36,TIDAK ISI,0,0,0,0,Lunas (Lancar),0
2025-01-03 17:52:44,Honda,A/N SENDIRI,Pajak Tidak Aktif,6,2255000.0,0.0,0.41,0.41,TIDAK ISI,0,0,0,0,Lunas (Lancar),0
2025-01-03 17:53:34,Yamaha,A/N ORANG LAIN,Pajak Tidak Aktif,10,1980000.0,0.0,0.36,0.36,TIDAK ISI,0,0,0,0,Lunas (Lancar),0
2025-01-03 17:54:10,Honda,A/N ORANG LAIN,Pajak Aktif,3,3355000.0,0.0,0.3588235294117647,0.3588235294117647,TIDAK ISI,0,0,0,0,Lunas (Lancar),0
2025-01-03 17:54:23,Yamaha,A/N SENDIRI,Pajak Tidak Aktif,13,1155000.0,0.0,0.42,0.42,TIDAK ISI,0,0,0,0,Lunas (Lancar),0
2025-01-03 17:54:43,Yamaha,A/N ORANG LAIN,Pajak Tidak Aktif,7,1100000.0,0.0,0.2,0.2,TIDAK ISI,0,0,0,0,Lunas (Lancar),0
2025-01-03 17:57:11,Honda,A/N SENDIRI,Pajak Tidak Aktif,12,1100000.0,0.0,0.4,0.4,KARYAWAN SWASTA,0,0,0,0,Lunas (Lancar),0
2025-01-03 17:58:00,Honda,A/N ORANG LAIN,Pajak Tidak Aktif,7,1980000.0,0.0,0.36,0.36,TIDAK ISI,0,0,0,0,Lunas (Lancar),0
2025-01-03 17:59:20,Yamaha,A/N ORANG LAIN,Pajak Tidak Aktif,5,3850000.0,3500000.0,0.35,0.35,IBU RUMAH TANGGA,0,590,1,1,NPL Berat > 90 Hari (DPD >90 / Bad Debt),1
2025-01-03 18:07:19,Honda,A/N SENDIRI,Pajak Tidak Aktif,2,3355000.0,0.0,0.4066666666666667,0.4066666666666667,TIDAK ISI,1,0,0,0,Lunas (Lancar),0
2025-01-03 18:13:17,Yamaha,A/N ORANG LAIN,Pajak Tidak Aktif,10,1045000.0,0.0,0.38,0.38,TIDAK ISI,0,0,0,0,Lunas (Lancar),0
2025-01-03 18:14:11,Honda,A/N ORANG LAIN,Pajak Tidak Aktif,7,1980000.0,0.0,0.36,0.36,TIDAK ISI,0,0,0,0,Lunas (Lancar),0
2025-01-03 18:14:18,Honda,A/N SENDIRI,Pajak Tidak Aktif,12,1100000.0,0.0,0.4,0.4,TIDAK ISI,1,0,0,0,Lunas (Lancar),0
2025-01-03 18:14:53,Honda,A/N ORANG LAIN,Pajak Tidak Aktif,7,2915000.0,0.0,0.26666666666666666,0.35333333333333333,KARYAWAN SWASTA,0,0,0,0,Lunas (Lancar),0
2025-01-03 18:15:44,Yamaha,A/N ORANG LAIN,Pajak Tidak Aktif,11,550000.0,500000.0,0.2,0.2,TIDAK ISI,0,470,1,1,NPL Berat > 90 Hari (DPD >90 / Bad Debt),1
2025-01-03 18:16:39,Yamaha,A/N ORANG LAIN,Pajak Tidak Aktif,2,3905000.0,0.0,0.25,0.355,TIDAK ISI,0,0,0,0,Lunas (Lancar),0
2025-01-03 18:19:39,Yamaha,A/N SENDIRI,Pajak Tidak Aktif,8,1485000.0,0.0,0.27,0.27,TIDAK ISI,1,0,0,0,Lunas (Lancar),0
2025-01-03 18:23:18,Yamaha,A/N ORANG LAIN,Pajak Tidak Aktif,4,2970000.0,0.0,0.2,0.36,TIDAK ISI,0,0,0,0,Lunas (Lancar),0
2025-01-03 18:23:28,Yamaha,A/N ORANG LAIN,Pajak Tidak Aktif,7,2915000.0,2650000.0,0.35333333333333333,0.35333333333333333,TIDAK ISI,0,409,1,1,NPL Berat > 90 Hari (DPD >90 / Bad Debt),1
2025-01-03 18:24:25,Honda,A/N SENDIRI,Pajak Tidak Aktif,7,2200000.0,0.0,0.3,0.4,TIDAK ISI,0,0,0,0,Lunas (Lancar),0
2025-01-03 18:27:15,Honda,A/N ORANG LAIN,Pajak Tidak Aktif,5,2915000.0,0.0,0.35333333333333333,0.35333333333333333,TIDAK ISI,1,0,0,0,Lunas (Lancar),0
2025-01-03 18:29:30,Yamaha,A/N ORANG LAIN,Pajak Tidak Aktif,7,1925000.0,0.0,0.3,0.35,KARYAWAN SWASTA,1,0,0,0,Lunas (Lancar),0
2025-01-03 18:31:31,Honda,A/N ORANG LAIN,Pajak Tidak Aktif,11,1045000.0,0.0,0.38,0.38,TIDAK ISI,0,0,0,0,Lunas (Lancar),0
2025-01-03 18:39:27,Honda,A/N ORANG LAIN,Pajak Tidak Aktif,8,1925000.0,0.0,0.35,0.35,IBU RUMAH TANGGA,0,0,0,0,Lunas (Lancar),0
2025-01-03 18:41:37,Yamaha,A/N SENDIRI,Pajak Tidak Aktif,10,2255000.0,0.0,0.4,0.41,TIDAK ISI,0,0,0,0,Lunas (Lancar),0
2025-01-03 18:55:44,Honda,A/N SENDIRI,Pajak Tidak Aktif,8,3355000.0,0.0,0.3333333333333333,0.4066666666666667,TIDAK ISI,0,0,0,0,Lunas (Lancar),0
2025-01-03 19:00:32,Yamaha,A/N ORANG LAIN,Pajak Tidak Aktif,7,1925000.0,0.0,0.35,0.35,TIDAK ISI,0,0,0,0,Lunas (Lancar),0
2025-01-03 19:04:48,Yamaha,A/N SENDIRI,Pajak Tidak Aktif,4,3300000.0,0.0,0.26666666666666666,0.4,TIDAK ISI,1,0,0,0,Lunas (Lancar),0
2025-01-03 19:05:52,Honda,A/N SENDIRI,Pajak Tidak Aktif,2,3300000.0,0.0,0.4,0.4,TIDAK ISI,1,0,0,0,Lunas (Lancar),0
2025-01-03 19:05:54,Yamaha,A/N ORANG LAIN,Pajak Tidak Aktif,4,1650000.0,1500000.0,0.2,0.2,TIDAK ISI,0,562,1,1,NPL Berat > 90 Hari (DPD >90 / Bad Debt),1
2025-01-03 19:11:11,Honda,A/N ORANG LAIN,Pajak Tidak Aktif,9,990000.0,0.0,0.36,0.36,KARYAWAN SWASTA,0,0,0,0,Lunas (Lancar),0
2025-01-03 19:23:32,Honda,A/N ORANG LAIN,Pajak Tidak Aktif,7,2530000.0,0.0,0.35384615384615387,0.35384615384615387,TIDAK ISI,1,0,0,0,Lunas (Lancar),0
2025-01-03 19:26:53,Yamaha,A/N SENDIRI,Pajak Tidak Aktif,4,4235000.0,0.0,0.25,0.385,TIDAK ISI,0,0,0,0,Lunas (Lancar),0
2025-01-03 19:32:28,Honda,A/N SENDIRI,Pajak Tidak Aktif,13,1100000.0,0.0,0.2,0.4,TIDAK ISI,0,0,0,0,Lunas (Lancar),0
2025-01-03 19:36:44,Yamaha,A/N ORANG LAIN,Pajak Tidak Aktif,8,1100000.0,0.0,0.2,0.2,TIDAK ISI,1,0,0,0,Lunas (Lancar),0
2025-01-03 19:37:19,Yamaha,A/N SENDIRI,Pajak Tidak Aktif,8,3300000.0,0.0,0.29333333333333333,0.4,TIDAK ISI,0,0,0,0,Lunas (Lancar),0
2025-01-03 19:38:58,Honda,A/N SENDIRI,Pajak Tidak Aktif,9,1375000.0,0.0,0.5,0.5,KARYAWAN SWASTA,0,0,0,0,Lunas (Lancar),0
2025-01-03 19:40:28,Yamaha,A/N SENDIRI,Pajak Tidak Aktif,7,3355000.0,0.0,0.4066666666666667,0.4066666666666667,TIDAK ISI,0,0,0,0,Lunas (Lancar),0
2025-01-03 19:44:39,Yamaha,A/N ORANG LAIN,Pajak Tidak Aktif,9,990000.0,0.0,0.36,0.36,TIDAK ISI,0,0,0,0,Lunas (Lancar),0
2025-01-03 19:45:08,Honda,A/N SENDIRI,Pajak Tidak Aktif,3,3300000.0,0.0,0.4,0.4,TIDAK ISI,0,0,0,0,Lunas (Lancar),0
2025-01-03 19:46:37,Honda,A/N ORANG LAIN,Pajak Tidak Aktif,4,2200000.0,0.0,0.2,0.2,KARYAWAN SWASTA,1,0,0,0,Lunas (Lancar),0
2025-01-03 19:52:19,Honda,A/N ORANG LAIN,Pajak Tidak Aktif,11,1045000.0,0.0,0.38,0.38,TIDAK ISI,0,0,0,0,Lunas (Lancar),0
2025-01-03 20:00:25,Yamaha,A/N ORANG LAIN,Pajak Tidak Aktif,10,1980000.0,0.0,0.35,0.36,TIDAK ISI,0,0,0,0,Lunas (Lancar),0
2025-01-03 20:03:34,Honda,A/N ORANG LAIN,Pajak Tidak Aktif,3,2915000.0,0.0,0.35333333333333333,0.35333333333333333,TIDAK ISI,1,0,0,0,Lunas (Lancar),0
2025-01-03 20:10:56,Honda,A/N ORANG LAIN,Pajak Tidak Aktif,7,1980000.0,0.0,0.35,0.36,TIDAK ISI,0,0,0,0,Lunas (Lancar),0
2025-01-03 20:11:21,Yamaha,A/N ORANG LAIN,Pajak Tidak Aktif,11,990000.0,0.0,0.36,0.36,TIDAK ISI,0,0,0,0,Lunas (Lancar),0
2025-01-03 20:11:40,Honda,A/N SENDIRI,Pajak Tidak Aktif,5,3355000.0,0.0,0.21333333333333335,0.4066666666666667,TIDAK ISI,1,0,0,0,Lunas (Lancar),0
2025-01-03 20:24:22,Yamaha,A/N SENDIRI,Pajak Tidak Aktif,11,1045000.0,0.0,0.38,0.38,TIDAK ISI,1,0,0,0,Lunas (Lancar),0
2025-01-03 20:42:10,Honda,A/N SENDIRI,Pajak Tidak Aktif,10,1100000.0,0.0,0.4,0.4,TIDAK ISI,1,0,0,0,Lunas (Lancar),0
2025-01-04 08:06:02,Yamaha,A/N SENDIRI,Pajak Tidak Aktif,3,4400000.0,0.0,0.3,0.4,TIDAK ISI,1,0,0,0,Lunas (Lancar),0
2025-01-04 08:16:41,Honda,A/N SENDIRI,Pajak Tidak Aktif,7,2200000.0,0.0,0.26,0.4,TIDAK ISI,1,0,0,0,Lunas (Lancar),0
2025-01-04 08:25:04,Yamaha,A/N ORANG LAIN,Pajak Tidak Aktif,8,1925000.0,1750000.0,0.35,0.35,TIDAK ISI,0,0,0,0,Tepat Waktu,0
2025-01-04 08:25:53,Honda,A/N SENDIRI,Pajak Tidak Aktif,11,1100000.0,0.0,0.4,0.4,IBU RUMAH TANGGA,0,0,0,0,Lunas (Lancar),0
2025-01-04 08:27:28,Yamaha,A/N SENDIRI,Pajak Tidak Aktif,4,4455000.0,0.0,0.205,0.405,TIDAK ISI,0,0,0,0,Lunas (Lancar),0
2025-01-04 08:32:31,Honda,A/N SENDIRI,Pajak Tidak Aktif,12,1100000.0,0.0,0.4,0.4,TIDAK ISI,1,0,0,0,Lunas (Lancar),0
2025-01-04 08:40:08,Honda,A/N ORANG LAIN,Pajak Tidak Aktif,2,2915000.0,0.0,0.26666666666666666,0.35333333333333333,BELUM/TIDAK BEKERJA,0,0,0,0,Lunas (Lancar),0
2025-01-04 08:41:46,Honda,A/N SENDIRI,Pajak Tidak Aktif,7,2255000.0,0.0,0.41,0.41,TIDAK ISI,0,0,0,0,Lunas (Lancar),0
2025-01-04 08:46:29,Honda,A/N SENDIRI,Pajak Tidak Aktif,4,3355000.0,0.0,0.4066666666666667,0.4066666666666667,TIDAK ISI,1,0,0,0,Lunas (Lancar),0
2025-01-04 08:49:21,Honda,A/N ORANG LAIN,Pajak Tidak Aktif,13,1045000.0,0.0,0.38,0.38,TIDAK ISI,0,0,0,0,Lunas (Lancar),0
2025-01-04 08:50:16,Yamaha,A/N SENDIRI,Pajak Tidak Aktif,11,1100000.0,0.0,0.4,0.4,TIDAK ISI,1,0,0,0,Lunas (Lancar),0
2025-01-04 08:52:23,Yamaha,A/N ORANG LAIN,Pajak Tidak Aktif,7,1980000.0,0.0,0.3,0.36,TIDAK ISI,0,0,0,0,Lunas (Lancar),0
2025-01-04 08:58:04,Honda,A/N SENDIRI,Pajak Tidak Aktif,4,3740000.0,0.0,0.23529411764705882,0.4,TIDAK ISI,0,0,0,0,Lunas (Lancar),0
2025-01-04 08:58:28,Honda,A/N ORANG LAIN,Pajak Tidak Aktif,7,2915000.0,0.0,0.35333333333333333,0.35333333333333333,TIDAK ISI,1,0,0,0,Lunas (Lancar),0
2025-01-04 09:01:04,Honda,A/N SENDIRI,Pajak Tidak Aktif,7,3300000.0,0.0,0.4,0.4,TIDAK ISI,0,0,0,0,Lunas (Lancar),0
2025-01-04 09:02:36,Yamaha,A/N ORANG LAIN,Pajak Tidak Aktif,12,1100000.0,0.0,0.1,0.1,TIDAK ISI,1,0,0,0,Lunas (Lancar),0
2025-01-04 09:03:10,Yamaha,A/N SENDIRI,Pajak Tidak Aktif,2,3355000.0,0.0,0.4066666666666667,0.4066666666666667,TIDAK ISI,0,0,0,0,Lunas (Lancar),0
2025-01-04 09:05:19,Yamaha,A/N SENDIRI,Pajak Tidak Aktif,12,1100000.0,1000000.0,0.4,0.4,TIDAK ISI,0,0,0,0,Tepat Waktu,0
2025-01-04 09:07:04,Honda,A/N ORANG LAIN,Pajak Tidak Aktif,3,2970000.0,0.0,0.36,0.36,TIDAK ISI,0,0,0,0,Lunas (Lancar),0
2025-01-04 09:07:23,Honda,A/N SENDIRI,Pajak Tidak Aktif,10,2255000.0,0.0,0.4,0.41,TIDAK ISI,0,0,0,0,Lunas (Lancar),0
2025-01-04 09:07:23,Kawasaki,A/N SENDIRI,Pajak Tidak Aktif,8,3300000.0,0.0,0.4,0.4,TIDAK ISI,0,0,0,0,Lunas (Lancar),0
2025-01-04 09:07:52,Honda,A/N SENDIRI,Pajak Tidak Aktif,8,2200000.0,0.0,0.4,0.4,TIDAK ISI,0,0,0,0,Lunas (Lancar),0
2025-01-04 09:11:44,Honda,A/N ORANG LAIN,Pajak Tidak Aktif,4,2915000.0,0.0,0.35333333333333333,0.35333333333333333,TIDAK ISI,0,0,0,0,Lunas (Lancar),0
2025-01-04 09:12:47,Honda,A/N ORANG LAIN,Pajak Tidak Aktif,3,2915000.0,0.0,0.35333333333333333,0.35333333333333333,TIDAK ISI,0,0,0,0,Lunas (Lancar),0
2025-01-04 09:13:55,Honda,A/N SENDIRI,Pajak Tidak Aktif,7,2255000.0,0.0,0.3,0.41,TIDAK ISI,0,0,0,0,Lunas (Lancar),0
2025-01-04 09:15:18,Honda,A/N ORANG LAIN,Pajak Tidak Aktif,4,3300000.0,0.0,0.35294117647058826,0.35294117647058826,TIDAK ISI,0,0,0,0,Lunas (Lancar),0
2025-01-04 09:19:08,Yamaha,A/N ORANG LAIN,Pajak Tidak Aktif,7,1925000.0,1750000.0,0.35,0.35,TIDAK ISI,0,377,1,1,NPL Berat > 90 Hari (DPD >90 / Bad Debt),1
2025-01-04 09:19:11,Yamaha,A/N SENDIRI,Pajak Tidak Aktif,13,1155000.0,0.0,0.42,0.42,TIDAK ISI,0,0,0,0,Lunas (Lancar),0
2025-01-04 09:20:00,Yamaha,A/N ORANG LAIN,Pajak Tidak Aktif,6,2915000.0,2250000.0,0.3,0.35333333333333333,TIDAK ISI,0,12,0,0,Keterlambatan 1-30 Hari (DPD 1-30),0
2025-01-04 09:21:36,Honda,A/N SENDIRI,Pajak Tidak Aktif,4,2640000.0,0.0,0.2,0.2823529411764706,TIDAK ISI,0,0,0,0,Lunas (Lancar),0
2025-01-04 09:22:42,Yamaha,A/N SENDIRI,Pajak Tidak Aktif,8,2750000.0,2500000.0,0.5,0.5,KARYAWAN SWASTA,0,12,0,0,Keterlambatan 1-30 Hari (DPD 1-30),0
2025-01-04 09:24:26,Yamaha,A/N ORANG LAIN,Pajak Tidak Aktif,11,1925000.0,0.0,0.35,0.35,KARYAWAN SWASTA,0,0,0,0,Lunas (Lancar),0
2025-01-04 09:26:59,Yamaha,A/N SENDIRI,Pajak Tidak Aktif,11,1155000.0,0.0,0.4,0.42,TIDAK ISI,1,0,0,0,Lunas (Lancar),0
2025-01-04 09:28:54,Honda,A/N ORANG LAIN,Pajak Tidak Aktif,11,1925000.0,1750000.0,0.35,0.35,KARYAWAN SWASTA,0,165,1,1,NPL Berat > 90 Hari (DPD >90 / Bad Debt),1
2025-01-04 09:29:58,Honda,A/N SENDIRI,Pajak Tidak Aktif,2,4400000.0,0.0,0.3,0.4,KARYAWAN SWASTA,1,0,0,0,Lunas (Lancar),0
2025-01-04 09:31:23,Honda,A/N ORANG LAIN,Pajak Tidak Aktif,12,990000.0,0.0,0.36,0.36,LAINNYA,1,0,0,0,Lunas (Lancar),0
2025-01-04 09:31:37,Honda,A/N SENDIRI,Pajak Tidak Aktif,12,1155000.0,1050000.0,0.42,0.42,TIDAK ISI,0,561,1,1,NPL Berat > 90 Hari (DPD >90 / Bad Debt),1
2025-01-04 09:32:22,Yamaha,A/N SENDIRI,Pajak Tidak Aktif,13,1100000.0,1000000.0,0.4,0.4,TIDAK ISI,0,316,1,1,NPL Berat > 90 Hari (DPD >90 / Bad Debt),1
2025-01-04 09:33:36,Honda,A/N SENDIRI,Pajak Tidak Aktif,7,3300000.0,0.0,0.4,0.4,IBU RUMAH TANGGA,0,0,0,0,Lunas (Lancar),0
2025-01-04 09:35:52,Honda,A/N SENDIRI,Pajak Tidak Aktif,8,3300000.0,0.0,0.29333333333333333,0.4,KARYAWAN SWASTA,1,0,0,0,Lunas (Lancar),0
2025-01-04 09:43:30,Honda,A/N ORANG LAIN,Pajak Tidak Aktif,10,990000.0,0.0,0.28,0.36,TIDAK ISI,1,0,0,0,Lunas (Lancar),0
2025-01-04 09:52:11,Honda,A/N ORANG LAIN,Pajak Tidak Aktif,2,3850000.0,0.0,0.2,0.35,IBU RUMAH TANGGA,1,0,0,0,Lunas (Lancar),0
2025-01-04 09:55:40,Honda,A/N ORANG LAIN,Pajak Tidak Aktif,12,1045000.0,0.0,0.38,0.38,TIDAK ISI,1,0,0,0,Lunas (Lancar),0
2025-01-04 09:57:45,Honda,A/N SENDIRI,Pajak Tidak Aktif,2,3300000.0,0.0,0.4,0.4,TIDAK ISI,1,0,0,0,Lunas (Lancar),0
2025-01-04 09:58:53,Honda,A/N ORANG LAIN,Pajak Tidak Aktif,7,1980000.0,0.0,0.29,0.36,TIDAK ISI,0,0,0,0,Lunas (Lancar),0
2025-01-04 09:59:53,Honda,A/N ORANG LAIN,Pajak Tidak Aktif,3,2915000.0,0.0,0.26666666666666666,0.35333333333333333,TIDAK ISI,0,0,0,0,Lunas (Lancar),0
2025-01-04 10:00:01,Honda,A/N ORANG LAIN,Pajak Tidak Aktif,10,990000.0,0.0,0.36,0.36,TIDAK ISI,1,0,0,0,Lunas (Lancar),0
2025-01-04 10:00:17,Honda,A/N ORANG LAIN,Pajak Tidak Aktif,5,3300000.0,0.0,0.35294117647058826,0.35294117647058826,TIDAK ISI,0,0,0,0,Lunas (Lancar),0
2025-01-04 10:02:49,Yamaha,A/N ORANG LAIN,Pajak Tidak Aktif,10,4895000.0,0.0,0.356,0.356,TIDAK ISI,0,0,0,0,Lunas (Lancar),0
2025-01-04 10:03:43,Honda,A/N SENDIRI,Pajak Tidak Aktif,4,2255000.0,0.0,0.2733333333333333,0.2733333333333333,TIDAK ISI,1,0,0,0,Lunas (Lancar),0
2025-01-04 10:04:32,Honda,A/N SENDIRI,Pajak Tidak Aktif,7,3575000.0,3250000.0,0.5,0.5,IBU RUMAH TANGGA,0,0,0,0,Tepat Waktu,0
2025-01-04 10:05:25,Honda,A/N SENDIRI,Pajak Tidak Aktif,4,3355000.0,0.0,0.4066666666666667,0.4066666666666667,TIDAK ISI,1,0,0,0,Lunas (Lancar),0
2025-01-04 10:07:45,Honda,A/N SENDIRI,Pajak Tidak Aktif,12,1100000.0,0.0,0.4,0.4,KARYAWAN SWASTA,0,0,0,0,Lunas (Lancar),0
2025-01-04 10:08:42,Honda,A/N ORANG LAIN,Pajak Tidak Aktif,11,1980000.0,0.0,0.36,0.36,TIDAK ISI,0,0,0,0,Lunas (Lancar),0
2025-01-04 10:09:09,Honda,A/N ORANG LAIN,Pajak Tidak Aktif,2,2915000.0,0.0,0.35333333333333333,0.35333333333333333,TIDAK ISI,1,0,0,0,Lunas (Lancar),0
2025-01-04 10:10:56,Honda,A/N SENDIRI,Pajak Tidak Aktif,2,3300000.0,0.0,0.3333333333333333,0.4,PELAJAR/MAHASISWA,0,0,0,0,Lunas (Lancar),0
2025-01-04 10:11:23,Honda,A/N SENDIRI,Pajak Tidak Aktif,13,1100000.0,0.0,0.4,0.4,TIDAK ISI,0,0,0,0,Lunas (Lancar),0
2025-01-04 10:11:45,Yamaha,A/N ORANG LAIN,Pajak Tidak Aktif,6,2970000.0,0.0,0.26666666666666666,0.36,TIDAK ISI,0,0,0,0,Lunas (Lancar),0
2025-01-04 10:16:00,Honda,A/N ORANG LAIN,Pajak Tidak Aktif,3,2970000.0,0.0,0.36,0.36,TIDAK ISI,1,0,0,0,Lunas (Lancar),0
2025-01-04 10:17:39,Honda,A/N ORANG LAIN,Pajak Tidak Aktif,4,1650000.0,0.0,0.2,0.2,PELAJAR/MAHASISWA,0,0,0,0,Lunas (Lancar),0
2025-01-04 10:20:34,Yamaha,A/N SENDIRI,Pajak Tidak Aktif,2,4400000.0,0.0,0.4,0.4,TIDAK ISI,0,0,0,0,Lunas (Lancar),0
2025-01-04 10:21:08,Honda,A/N SENDIRI,Pajak Tidak Aktif,7,2860000.0,0.0,0.4,0.4,TIDAK ISI,1,0,0,0,Lunas (Lancar),0
2025-01-04 10:21:32,Honda,A/N SENDIRI,Pajak Tidak Aktif,4,3355000.0,0.0,0.20666666666666667,0.4066666666666667,TIDAK ISI,0,0,0,0,Lunas (Lancar),0
2025-01-04 10:23:43,Honda,A/N ORANG LAIN,Pajak Tidak Aktif,11,1045000.0,0.0,0.38,0.38,TIDAK ISI,1,0,0,0,Lunas (Lancar),0
2025-01-04 10:26:29,Yamaha,A/N ORANG LAIN,Pajak Tidak Aktif,8,1870000.0,0.0,0.22666666666666666,0.22666666666666666,TIDAK ISI,0,0,0,0,Lunas (Lancar),0
2025-01-04 10:28:47,Yamaha,A/N ORANG LAIN,Pajak Tidak Aktif,5,3300000.0,0.0,0.2,0.3,TIDAK ISI,0,0,0,0,Lunas (Lancar),0
2025-01-04 10:29:20,Honda,A/N ORANG LAIN,Pajak Tidak Aktif,11,1925000.0,0.0,0.35,0.35,TIDAK ISI,0,0,0,0,Lunas (Lancar),0
2025-01-04 10:33:54,Honda,A/N ORANG LAIN,Pajak Tidak Aktif,6,1100000.0,1000000.0,0.2,0.2,TIDAK ISI,0,469,1,1,NPL Berat > 90 Hari (DPD >90 / Bad Debt),1
2025-01-04 10:37:03,Yamaha,A/N ORANG LAIN,Pajak Tidak Aktif,8,2915000.0,0.0,0.35333333333333333,0.35333333333333333,TIDAK ISI,1,0,0,0,Lunas (Lancar),0
2025-01-04 10:38:11,Honda,A/N ORANG LAIN,Pajak Tidak Aktif,12,1045000.0,0.0,0.38,0.38,TIDAK ISI,0,0,0,0,Lunas (Lancar),0
2025-01-04 10:38:35,Honda,A/N SENDIRI,Pajak Tidak Aktif,3,3300000.0,0.0,0.4,0.4,KARYAWAN SWASTA,0,0,0,0,Lunas (Lancar),0
2025-01-04 10:38:51,Honda,A/N SENDIRI,Pajak Tidak Aktif,5,4455000.0,0.0,0.205,0.405,TIDAK ISI,1,0,0,0,Lunas (Lancar),0
2025-01-04 10:38:58,Honda,A/N SENDIRI,Pajak Tidak Aktif,4,4400000.0,3900000.0,0.4,0.4,TIDAK ISI,0,74,1,0,NPL Transisi 31-90 Hari (DPD 31-90),1
2025-01-04 10:45:25,Honda,A/N ORANG LAIN,Pajak Tidak Aktif,6,1980000.0,0.0,0.24,0.36,TIDAK ISI,0,0,0,0,Lunas (Lancar),0
2025-01-04 10:45:53,Honda,A/N SENDIRI,Pajak Tidak Aktif,6,2255000.0,750000.0,0.21,0.41,TIDAK ISI,0,0,0,0,Tepat Waktu,0
2025-01-04 10:47:41,Honda,A/N ORANG LAIN,Pajak Tidak Aktif,3,3905000.0,0.0,0.25,0.355,TIDAK ISI,0,0,0,0,Lunas (Lancar),0
2025-01-04 10:48:29,Yamaha,A/N ORANG LAIN,Pajak Tidak Aktif,10,1045000.0,0.0,0.38,0.38,TIDAK ISI,0,0,0,0,Lunas (Lancar),0
2025-01-04 10:49:06,Honda,A/N ORANG LAIN,Pajak Tidak Aktif,9,990000.0,0.0,0.36,0.36,TIDAK ISI,1,0,0,0,Lunas (Lancar),0
2025-01-04 10:49:49,Honda,A/N ORANG LAIN,Pajak Tidak Aktif,7,1925000.0,0.0,0.35,0.35,IBU RUMAH TANGGA,1,0,0,0,Lunas (Lancar),0
2025-01-04 10:50:13,Honda,A/N SENDIRI,Pajak Tidak Aktif,3,3355000.0,0.0,0.24,0.4066666666666667,TIDAK ISI,1,0,0,0,Lunas (Lancar),0
2025-01-04 10:52:48,Honda,A/N SENDIRI,Pajak Tidak Aktif,10,2200000.0,0.0,0.4,0.4,TIDAK ISI,1,0,0,0,Lunas (Lancar),0
2025-01-04 10:53:47,Yamaha,A/N SENDIRI,Pajak Tidak Aktif,5,4455000.0,4050000.0,0.405,0.405,TIDAK ISI,0,12,0,0,Keterlambatan 1-30 Hari (DPD 1-30),0
2025-01-04 10:57:28,Yamaha,A/N ORANG LAIN,Pajak Tidak Aktif,6,2915000.0,0.0,0.26666666666666666,0.35333333333333333,IBU RUMAH TANGGA,1,0,0,0,Lunas (Lancar),0
2025-01-04 10:59:23,Honda,A/N SENDIRI,Pajak Tidak Aktif,12,2255000.0,0.0,0.3,0.41,TIDAK ISI,0,0,0,0,Lunas (Lancar),0
2025-01-04 10:59:29,Honda,A/N SENDIRI,Pajak Tidak Aktif,5,3300000.0,0.0,0.26666666666666666,0.4,KARYAWAN SWASTA,0,0,0,0,Lunas (Lancar),0
2025-01-04 10:59:46,Yamaha,A/N SENDIRI,Pajak Tidak Aktif,4,4455000.0,0.0,0.405,0.405,TIDAK ISI,1,0,0,0,Lunas (Lancar),0
2025-01-04 11:00:56,Yamaha,A/N SENDIRI,Pajak Tidak Aktif,4,3355000.0,0.0,0.4,0.4066666666666667,TIDAK ISI,0,0,0,0,Lunas (Lancar),0
2025-01-04 11:01:12,Honda,A/N SENDIRI,Pajak Tidak Aktif,9,2255000.0,2050000.0,0.41,0.41,TIDAK ISI,0,12,0,0,Keterlambatan 1-30 Hari (DPD 1-30),0
2025-01-04 11:01:51,Honda,A/N SENDIRI,Pajak Tidak Aktif,7,2915000.0,0.0,0.4076923076923077,0.4076923076923077,TIDAK ISI,0,0,0,0,Lunas (Lancar),0
2025-01-04 11:03:16,Honda,A/N ORANG LAIN,Pajak Tidak Aktif,11,990000.0,0.0,0.36,0.36,TIDAK ISI,0,0,0,0,Lunas (Lancar),0
2025-01-04 11:10:19,Yamaha,A/N ORANG LAIN,Pajak Tidak Aktif,12,1320000.0,0.0,0.23,0.24,TIDAK ISI,0,0,0,0,Lunas (Lancar),0
2025-01-04 11:11:59,Honda,A/N ORANG LAIN,Pajak Tidak Aktif,4,1650000.0,0.0,0.2,0.2,TIDAK ISI,0,0,0,0,Lunas (Lancar),0
2025-01-04 11:12:16,Honda,A/N ORANG LAIN,Pajak Tidak Aktif,10,990000.0,0.0,0.36,0.36,TIDAK ISI,1,0,0,0,Lunas (Lancar),0
2025-01-04 11:20:44,Honda,A/N SENDIRI,Pajak Tidak Aktif,5,3300000.0,0.0,0.4,0.4,KARYAWAN SWASTA,0,0,0,0,Lunas (Lancar),0
2025-01-04 11:23:05,Yamaha,A/N SENDIRI,Pajak Tidak Aktif,8,3300000.0,0.0,0.4,0.4,GURU,1,0,0,0,Lunas (Lancar),0
2025-01-04 11:23:25,Yamaha,A/N SENDIRI,Pajak Tidak Aktif,5,4400000.0,0.0,0.2,0.4,PELAJAR/MAHASISWA,1,0,0,0,Lunas (Lancar),0
2025-01-04 11:25:32,Yamaha,A/N ORANG LAIN,Pajak Tidak Aktif,11,605000.0,0.0,0.22,0.22,TIDAK ISI,1,0,0,0,Lunas (Lancar),0
2025-01-04 11:25:47,Honda,A/N ORANG LAIN,Pajak Tidak Aktif,3,2970000.0,0.0,0.36,0.36,TIDAK ISI,0,0,0,0,Lunas (Lancar),0
2025-01-04 11:27:53,Yamaha,A/N SENDIRI,Pajak Tidak Aktif,4,3355000.0,0.0,0.4,0.4066666666666667,TIDAK ISI,0,0,0,0,Lunas (Lancar),0
2025-01-04 11:29:41,Honda,A/N ORANG LAIN,Pajak Tidak Aktif,9,1760000.0,0.0,0.35555555555555557,0.35555555555555557,TIDAK ISI,0,0,0,0,Lunas (Lancar),0
2025-01-04 11:30:28,Honda,A/N ORANG LAIN,Pajak Tidak Aktif,9,1045000.0,0.0,0.38,0.38,TIDAK ISI,1,0,0,0,Lunas (Lancar),0
2025-01-04 11:31:32,Honda,A/N SENDIRI,Pajak Tidak Aktif,12,1100000.0,0.0,0.4,0.4,GURU,1,0,0,0,Lunas (Lancar),0
2025-01-04 11:31:42,Honda,A/N SENDIRI,Pajak Tidak Aktif,3,3355000.0,0.0,0.4,0.4066666666666667,TIDAK ISI,1,0,0,0,Lunas (Lancar),0
2025-01-04 11:33:11,Honda,A/N SENDIRI,Pajak Tidak Aktif,5,3300000.0,0.0,0.2,0.4,TIDAK ISI,1,0,0,0,Lunas (Lancar),0
2025-01-04 11:35:29,Honda,A/N ORANG LAIN,Pajak Tidak Aktif,13,1045000.0,950000.0,0.38,0.38,TIDAK ISI,1,589,0,0,NPL Berat > 90 Hari (DPD >90 / Bad Debt),0
2025-01-04 11:35:53,Honda,A/N SENDIRI,Pajak Tidak Aktif,4,3355000.0,0.0,0.26666666666666666,0.4066666666666667,TIDAK ISI,1,0,0,0,Lunas (Lancar),0
2025-01-04 11:35:56,Honda,A/N ORANG LAIN,Pajak Tidak Aktif,4,3850000.0,0.0,0.35,0.35,KARYAWAN SWASTA,1,0,0,0,Lunas (Lancar),0
2025-01-04 11:38:29,Honda,A/N SENDIRI,Pajak Tidak Aktif,8,2915000.0,0.0,0.4076923076923077,0.4076923076923077,TIDAK ISI,0,0,0,0,Lunas (Lancar),0
2025-01-04 11:39:11,Honda,A/N ORANG LAIN,Pajak Tidak Aktif,8,1925000.0,0.0,0.35,0.35,IBU RUMAH TANGGA,0,0,0,0,Lunas (Lancar),0
2025-01-04 11:39:55,Honda,A/N ORANG LAIN,Pajak Tidak Aktif,8,1925000.0,0.0,0.35,0.35,TIDAK ISI,1,0,0,0,Lunas (Lancar),0
2025-01-04 11:40:02,Honda,A/N ORANG LAIN,Pajak Tidak Aktif,3,2255000.0,0.0,0.205,0.205,TIDAK ISI,0,0,0,0,Lunas (Lancar),0
2025-01-04 11:41:51,Honda,A/N ORANG LAIN,Pajak Tidak Aktif,3,2915000.0,0.0,0.35333333333333333,0.35333333333333333,TIDAK ISI,0,0,0,0,Lunas (Lancar),0
2025-01-04 11:43:14,Honda,A/N ORANG LAIN,Pajak Tidak Aktif,10,990000.0,0.0,0.36,0.36,BURUH,0,0,0,0,Lunas (Lancar),0
2025-01-04 11:45:25,Honda,A/N ORANG LAIN,Pajak Tidak Aktif,13,1045000.0,0.0,0.38,0.38,TIDAK ISI,1,0,0,0,Lunas (Lancar),0
2025-01-04 11:45:38,Yamaha,A/N ORANG LAIN,Pajak Tidak Aktif,13,1925000.0,1750000.0,0.35,0.35,TIDAK ISI,0,561,1,1,NPL Berat > 90 Hari (DPD >90 / Bad Debt),1
2025-01-04 11:46:56,Honda,A/N ORANG LAIN,Pajak Tidak Aktif,13,1045000.0,0.0,0.38,0.38,TIDAK ISI,0,0,0,0,Lunas (Lancar),0
2025-01-04 11:54:00,Yamaha,A/N SENDIRI,Pajak Tidak Aktif,12,1100000.0,0.0,0.4,0.4,KARYAWAN SWASTA,0,0,0,0,Lunas (Lancar),0
2025-01-04 11:54:21,Honda,A/N SENDIRI,Pajak Tidak Aktif,2,3300000.0,0.0,0.4,0.4,KARYAWAN SWASTA,0,0,0,0,Lunas (Lancar),0
2025-01-04 11:54:44,Honda,A/N ORANG LAIN,Pajak Tidak Aktif,8,1100000.0,900000.0,0.2,0.2,TIDAK ISI,0,196,1,1,NPL Berat > 90 Hari (DPD >90 / Bad Debt),1
2025-01-04 11:58:35,Honda,A/N SENDIRI,Pajak Tidak Aktif,3,3355000.0,0.0,0.20666666666666667,0.4066666666666667,TIDAK ISI,1,0,0,0,Lunas (Lancar),0
2025-01-04 11:59:21,Honda,A/N ORANG LAIN,Pajak Tidak Aktif,3,3850000.0,0.0,0.175,0.35,TIDAK ISI,1,0,0,0,Lunas (Lancar),0
2025-01-04 12:03:37,Kawasaki,A/N SENDIRI,Pajak Tidak Aktif,5,4400000.0,0.0,0.4,0.4,TIDAK ISI,1,0,0,0,Lunas (Lancar),0
2025-01-04 12:08:08,Honda,A/N ORANG LAIN,Pajak Tidak Aktif,12,1045000.0,550000.0,0.38,0.38,TIDAK ISI,0,0,0,0,Tepat Waktu,0
2025-01-04 12:08:27,Yamaha,A/N ORANG LAIN,Pajak Tidak Aktif,8,2915000.0,2650000.0,0.35333333333333333,0.35333333333333333,KARYAWAN SWASTA,0,561,1,1,NPL Berat > 90 Hari (DPD >90 / Bad Debt),1
2025-01-04 12:09:38,Yamaha,A/N SENDIRI,Pajak Tidak Aktif,9,2200000.0,0.0,0.4,0.4,TIDAK ISI,0,0,0,0,Lunas (Lancar),0
2025-01-04 12:09:39,Honda,A/N SENDIRI,Pajak Tidak Aktif,6,2200000.0,0.0,0.4,0.4,KARYAWAN SWASTA,0,0,0,0,Lunas (Lancar),0
2025-01-04 12:11:10,Honda,A/N ORANG LAIN,Pajak Tidak Aktif,8,1980000.0,0.0,0.36,0.36,TIDAK ISI,0,0,0,0,Lunas (Lancar),0
2025-01-04 12:13:00,Yamaha,A/N ORANG LAIN,Pajak Tidak Aktif,9,990000.0,0.0,0.36,0.36,TIDAK ISI,1,0,0,0,Lunas (Lancar),0
2025-01-04 12:14:50,Honda,A/N ORANG LAIN,Pajak Tidak Aktif,4,3300000.0,0.0,0.35294117647058826,0.35294117647058826,PELAJAR/MAHASISWA,1,0,0,0,Lunas (Lancar),0
2025-01-04 12:16:22,Honda,A/N SENDIRI,Pajak Tidak Aktif,12,2255000.0,0.0,0.41,0.41,TIDAK ISI,0,0,0,0,Lunas (Lancar),0
2025-01-04 12:17:27,Honda,A/N SENDIRI,Pajak Tidak Aktif,3,3355000.0,0.0,0.20666666666666667,0.4066666666666667,TIDAK ISI,0,0,0,0,Lunas (Lancar),0
2025-01-04 12:17:49,Honda,A/N ORANG LAIN,Pajak Tidak Aktif,8,1925000.0,0.0,0.18,0.35,TIDAK ISI,1,0,0,0,Lunas (Lancar),0
2025-01-04 12:20:16,Yamaha,A/N ORANG LAIN,Pajak Tidak Aktif,11,1100000.0,0.0,0.2,0.2,IBU RUMAH TANGGA,1,0,0,0,Lunas (Lancar),0
2025-01-04 12:20:24,Honda,A/N ORANG LAIN,Pajak Tidak Aktif,10,1980000.0,0.0,0.36,0.36,TIDAK ISI,0,0,0,0,Lunas (Lancar),0
2025-01-04 12:22:31,Honda,A/N SENDIRI,Pajak Tidak Aktif,6,2860000.0,2600000.0,0.4,0.4,TIDAK ISI,0,135,1,1,NPL Berat > 90 Hari (DPD >90 / Bad Debt),1
2025-01-04 12:22:44,Honda,A/N ORANG LAIN,Pajak Tidak Aktif,8,1925000.0,1250000.0,0.35,0.35,TIDAK ISI,0,0,0,0,Tepat Waktu,0
2025-01-04 12:27:11,Honda,A/N SENDIRI,Pajak Tidak Aktif,5,3355000.0,0.0,0.4066666666666667,0.4066666666666667,TIDAK ISI,0,0,0,0,Lunas (Lancar),0
2025-01-04 12:27:29,Honda,A/N ORANG LAIN,Pajak Tidak Aktif,12,1045000.0,0.0,0.36,0.38,TIDAK ISI,1,0,0,0,Lunas (Lancar),0
2025-01-04 12:27:58,Honda,A/N ORANG LAIN,Pajak Tidak Aktif,7,1155000.0,1050000.0,0.21,0.21,TIDAK ISI,0,377,1,1,NPL Berat > 90 Hari (DPD >90 / Bad Debt),1
2025-01-04 12:35:46,Honda,A/N ORANG LAIN,Pajak Tidak Aktif,3,2970000.0,0.0,0.36,0.36,TIDAK ISI,0,0,0,0,Lunas (Lancar),0
2025-01-04 12:36:04,Kawasaki,A/N SENDIRI,Pajak Tidak Aktif,12,4400000.0,0.0,0.4,0.4,TIDAK ISI,0,0,0,0,Lunas (Lancar),0
2025-01-04 12:42:00,Honda,A/N ORANG LAIN,Pajak Tidak Aktif,7,1980000.0,0.0,0.36,0.36,TIDAK ISI,1,0,0,0,Lunas (Lancar),0
2025-01-04 12:44:27,Honda,A/N SENDIRI,Pajak Tidak Aktif,12,1100000.0,800000.0,0.4,0.4,TIDAK ISI,0,0,0,0,Tepat Waktu,0
2025-01-04 12:45:41,Honda,A/N ORANG LAIN,Pajak Aktif,5,2915000.0,0.0,0.35333333333333333,0.35333333333333333,PELAJAR/MAHASISWA,0,0,0,0,Lunas (Lancar),0
2025-01-04 12:48:54,Kawasaki,A/N ORANG LAIN,Pajak Tidak Aktif,12,3905000.0,0.0,0.355,0.355,TIDAK ISI,0,0,0,0,Lunas (Lancar),0
2025-01-04 12:49:50,Honda,A/N SENDIRI,Pajak Tidak Aktif,4,4400000.0,0.0,0.4,0.4,KARYAWAN SWASTA,1,0,0,0,Lunas (Lancar),0
2025-01-04 12:51:21,Honda,A/N ORANG LAIN,Pajak Tidak Aktif,4,2970000.0,0.0,0.36,0.36,TIDAK ISI,0,0,0,0,Lunas (Lancar),0
2025-01-04 12:51:55,Yamaha,A/N ORANG LAIN,Pajak Tidak Aktif,10,1980000.0,0.0,0.36,0.36,TIDAK ISI,0,0,0,0,Lunas (Lancar),0
2025-01-04 12:52:35,Honda,A/N ORANG LAIN,Pajak Tidak Aktif,10,1045000.0,0.0,0.38,0.38,TIDAK ISI,0,0,0,0,Lunas (Lancar),0
2025-01-04 12:53:57,Honda,A/N SENDIRI,Pajak Tidak Aktif,9,1100000.0,0.0,0.4,0.4,IBU RUMAH TANGGA,0,0,0,0,Lunas (Lancar),0
2025-01-04 12:59:07,Yamaha,A/N SENDIRI,Pajak Tidak Aktif,6,2255000.0,0.0,0.41,0.41,TIDAK ISI,1,0,0,0,Lunas (Lancar),0
2025-01-04 12:59:47,Honda,A/N ORANG LAIN,Pajak Tidak Aktif,9,990000.0,0.0,0.36,0.36,TIDAK ISI,1,0,0,0,Lunas (Lancar),0
2025-01-04 13:00:23,Honda,A/N SENDIRI,Pajak Tidak Aktif,7,2200000.0,0.0,0.24,0.4,TIDAK ISI,0,0,0,0,Lunas (Lancar),0
2025-01-04 13:02:21,Honda,A/N SENDIRI,Pajak Tidak Aktif,8,2255000.0,0.0,0.41,0.41,TIDAK ISI,0,0,0,0,Lunas (Lancar),0
2025-01-04 13:03:17,Honda,A/N ORANG LAIN,Pajak Tidak Aktif,4,2970000.0,0.0,0.26666666666666666,0.36,TIDAK ISI,1,0,0,0,Lunas (Lancar),0
